RestaurantID,NumberOfReviews,Rating,Cuisine,Recommended
0CjK3esfpFcxIopebzjFxA,5036,4,chinese,1
xq0cX_DgxiJMXwhmEl9kUA,1038,4,chinese,1
6hacsz7FUwprKTjJb6KFog,1260,3.5,chinese,1
wfhMIiMh2A2psCGONOVSlg,992,4,chinese,1
bVkjBJlAIwKAj9Aw1KVWjA,644,4,chinese,1
ojbH3wnRu050hRhkmoxRiA,404,4,chinese,1
nI1UYDCYUTt23TpGxqnLKg,3376,4,chinese,1
uiQ6p_3biJD5S4PrF58t_g,837,3.5,chinese,1
qGgQMVExGERqGhZNDM2ROg,448,3.5,chinese,1
HScFap2SwbUlfC-QXVkxFA,1305,4,chinese,1
0k678lCWQyReNi0lARlOmw,470,4,chinese,1
NZb6ILmE0p4gQ5harzrAvA,327,3,chinese,0
M-odQWSEfsR2mVEw7nKG-g,1770,4,chinese,1
LwEzFDBX-nUHYHgAddfaxA,318,3,chinese,0
rEbwps11tIERRkwQrIXQog,734,3.5,chinese,1
neQM053ovAOrf1sVSAPI9w,768,4,chinese,1
X8ZS-dgiMIJvhwf9SaDnjw,940,4.5,chinese,1
H1jops1lmuhrq9lP7lEGJQ,1045,4,chinese,1
sR-KTsDa4vafaDak9Ik2sQ,150,3,chinese,0
rYw5rQbWRX9buZHZbxqWdA,1352,3.5,chinese,1
R26zweQ8-xoZS7iHkXQOvw,1290,4,chinese,1
_RhAY03oEBw9HNwUAJyBCw,385,2.5,chinese,0
MhceeLrM2_3mcKw5EGLY6A,2143,4,chinese,1
EFihj7vsRRXiF5la-UURyw,687,3.5,chinese,1
uaFHoq-a5XqxF-bsOK9_Qg,758,3.5,chinese,1
Gd3_3mxOvj2xYiqysV8rbQ,1457,4,chinese,1
SNhDVaf_n7VDZcfry8mYdA,912,3.5,chinese,1
bnDfFdiCcPzhuNWUJORvLQ,774,4,chinese,1
lynQoI3w_pzYfHGeuUU-Qg,476,4.5,chinese,1
NN3mOWF5e_pnR1ArqM2bHQ,1617,4,chinese,1
C7CFAdrczXxNhnN-MNJqmw,580,4,chinese,1
rGuXwUtNoDp0_GmspjYwcA,456,3.5,chinese,1
B7bxdtvLYR7Nmex4AIFd4w,503,3.5,chinese,1
zubN8Ve-RyoljRZV4NRxEQ,1137,3.5,chinese,1
Lbs8QBRN1U7IYBo5Mcv-RQ,1364,4,chinese,1
5uTJ_4fWfT1ImuwCLN9xGA,309,3,chinese,0
LpVbI-E9C-CSp7WhU5h2Iw,421,4.5,chinese,1
TU_BU9HLflYI2xlyqVQdRA,2149,3.5,chinese,1
kwqOmEwWJ0D9PyCdFGE3-g,522,4,chinese,1
Va_mnsEvBghHXvc7uZIWJQ,473,4,chinese,1
L37A2JWXfwR_PgKColA8xA,1248,3.5,chinese,1
s25mujxKWphsyFm0Ji1xYA,293,3,chinese,0
6kCo3xb87Sc3Aa5ZSWzNnw,187,3,chinese,0
SyvC0s3y0ZrtnLbwnvw7tw,1094,3.5,chinese,1
Qwd4Tv-CqgO2Yl9zZgkKOQ,245,3,chinese,0
B3_K2kUVbYOU0VaLcj_LTw,1437,4.5,chinese,1
#NAME?,1616,4.5,chinese,1
FH978pIP1TLRuPAH-MbWIQ,1938,3.5,chinese,1
gQ6DNeLNWQV-zwWyuFeBpg,137,3,chinese,0
8ig0yf0003DAp4YOGTlbVg,486,4,chinese,1
bSi2f2TaOr4RVTI5eFt0wQ,170,3,chinese,0
5yHuB6cT4Y82u22kOziobw,86,3,chinese,0
vQe7_ZW_jBSWKtgSiXGIOA,449,4,chinese,1
MYPes7EWP5aLiVG1Z_9eFQ,108,3,chinese,0
Vzx-7-jSEBz2g8NuGVhHvQ,549,3.5,chinese,1
Ece_DRuD1yQjRPJBAebRpw,220,3,chinese,0
PGeL1b4xNJggpZsHEGoxjg,324,3,chinese,0
B87c3bE_u53yNYO1cmHSIw,463,4,chinese,1
7hh2eP4HVkyjtpcqeITk3Q,113,3,chinese,0
2lJwfmyRKO8zFz5Xuiw11w,275,3,chinese,0
WRRs3smfm6rHP5k4Slzr3w,128,3,chinese,0
IhSVn0TaX8xXb3wcQ-fgcA,2224,4,chinese,1
tguMh2GgOcU9fu6WN3dqpw,819,4,chinese,1
Xf6e3HaP0AgMBxY7dEDkOA,1341,4,chinese,1
6LfskUyZzmcDSV6h5kOwGw,711,3.5,chinese,1
ev6e12vhY_0y4qE1cRhv0A,819,4,chinese,1
H_KyiRhwho8rdlw_R93_0Q,1705,4,chinese,1
PBUIaPtgnhmdHE3KHglK-g,1676,4.5,chinese,1
N_5VwtCoXPhHdlz1JQbIoQ,139,3,chinese,0
97q5nUQTuBo_h00XCxna2A,1353,4,chinese,1
Sj2StOWkhHIPE6_sS5RMCQ,186,3,chinese,0
JzD9nfJWHwnG-2Wk87muHg,1056,3.5,chinese,1
OfqANzeWRlZrdHQuG7pI0w,143,3,chinese,0
U74_3F7r3tMhd6dmTmDBxQ,656,4,chinese,1
MXYtu8-0eNkW6L4firJfcw,228,3,chinese,0
dTZ-q8CwEDo9iVKM0tydnQ,176,3,chinese,0
GJZnf3B-ADjlCV1NXsHvGQ,88,3,chinese,0
hWkbadE0u-Eiqg9SAm176Q,44,3,chinese,0
fUhBM10aNrkVGvHJ2Hbhqw,188,3,chinese,0
x_t-FtDa5HVgc-wecp0HBg,2019,3.5,chinese,1
RTFIMX31BPeZzx7kJJ1SCA,575,3.5,chinese,1
kWJF8L1u5jdlkLBItUu16w,630,3.5,chinese,1
d_TC6Om2EBTzHVm_lCgNtg,1090,3.5,chinese,1
b8a-8u_A51v2IzyjLVsx6w,2394,4.5,chinese,1
R18bhjYmKxpwfkwGFlWW2g,426,3.5,chinese,1
ItZ8CzZAGXGjB8_9HxDIXg,88,3,chinese,0
xEDD2ScBU3jHhWxlMC7dkQ,997,4,chinese,1
zYoL-o9YJpGTwJ-Gmj8AFA,224,3,chinese,0
xH7mEjh4Rn6KdHjXYNoOjw,551,4,chinese,1
inp9N7bo9zqQSa8h8UBhqg,185,2.5,chinese,0
6zM0c7vvoddgza_qvKkATw,1450,3.5,chinese,1
aSFBv64GBpMOFPqIleeQFQ,1450,4,chinese,1
kBZggrnSP1kcUMnsnfkTaQ,2871,4,chinese,1
eQKYZWnBjPUjINAnFmrmbA,356,3,chinese,0
XoxEVVf5Ci8nibQ-Q4P0nQ,105,3,chinese,0
56wxE888GknVcUeAXBfqFw,113,3,chinese,0
ryvBsB9FrBBZDak87iGS1w,762,4.5,chinese,1
1MqGlFP3b7H77fzUkJMKgw,481,4,chinese,1
pmJqb7-EckluXUk6Rtml6A,71,3,chinese,0
EP5F-WYOuJ22NrCyNWYccA,65,3,chinese,0
spJTHaNjEzKwoEiYWR1ggA,573,3.5,chinese,1
oe8GEFE4QLFAKt87y7zcgA,463,4,chinese,1
_usWsAYSKKV2q8xw-3ajrA,1555,3.5,chinese,1
fPW_GBZsnBNsIzK62sCHBg,825,4,chinese,1
IQ91FltwJmIPhS6fKKf2pw,48,2.5,chinese,0
8cyRl5HIQzbkYD7orq223g,698,3.5,chinese,1
J9UA6rzI5WW_cDGjwDnF5g,1128,4,chinese,1
i8ejDDR4COtukAAA1Ls5fw,1275,4,chinese,1
3K7Kc82bhU6-qjAjsBs3Fw,492,4,chinese,1
B3i4zs5wquFu1UZyzYJ-bQ,1749,3.5,chinese,1
ybQV8joopvU1_gG2RwLRog,72,3,chinese,0
P2bxlKAmRWZIpHdJ_JT3fg,588,4,chinese,1
4x_WyIOEdqxk01QH1HxYrw,1177,4,chinese,1
B98cXrMI16HslKLqg6Nb9A,444,3.5,chinese,1
53y6b_-YaptXhlm2-STzeA,451,3.5,chinese,1
84zvcPTAVCsSVtzCUtSDtA,870,3.5,chinese,1
LevaZe9HJHteg4nSp-pt2g,854,3.5,chinese,1
YHGGyH4hn_5UyV1rWgA5hg,494,4,chinese,1
mhhTORjUdXj-UIDjyGmhBg,730,4,chinese,1
2IHGMQVQ7zmb89WyiiH1AQ,800,3.5,chinese,1
01m-oqxaCifh0s0eU03bBg,54,3,chinese,0
kctef59qqlzJNqAc1ZGEvg,704,4,chinese,1
aPI3_mdisxIOo9EwBEJPZQ,39,3,chinese,0
hdiQrGDT8enOzpxaipBzNA,102,3,chinese,0
91rrB0aH3caC70oCkxAynA,550,3.5,chinese,1
qpFoZi5PqY7KVWCRNOmFGw,218,2.5,chinese,0
NebgteFykeM1gwiVgPcCHw,473,4,chinese,1
LYp3izplqg0x-h9CBlb-MQ,185,2.5,chinese,0
bT4CDzyhV-frXV6ijvXnvw,455,4,chinese,1
j0tkph2po_37gtZ1ufxiow,79,2.5,chinese,0
AeLz0uoZH3hxmkcXlwUIGg,83,3,chinese,0
nxTEuWKzkK1tCF4LrhFSUQ,1203,4,chinese,1
IUvJ8jmojYu1FsOQ0PfFcg,1209,4,chinese,1
_WsfOuvObbp1tH4cBE-jNw,1091,4,chinese,1
GzY2EjCmGNgvRd7IE20fTA,183,3,chinese,0
ye-TSU-mu1Gd5TAJOpI5Mg,234,3,chinese,0
yUVcpgecpq1qncpa1x34Hg,16,3,chinese,0
kqJApXkfFn42SZZG7QTc4w,503,4,chinese,1
uuDvk4EsRUkeTj4jVKJOpw,940,3.5,chinese,1
Dj0jblwuWTftL1D7_Kun6Q,178,3,chinese,0
NZNPFJ405oo1z043hH4Fnw,1387,4,chinese,1
J9kON4T_XtDPDk6jRoR5xA,51,3,chinese,0
D-PPbfPcCNyKs7w0J4tMvQ,70,3,chinese,0
p2zm0HnXZkI2yCAuYLb45g,839,4,chinese,1
XkL6fOBtaIqVCMXVCY9row,700,3.5,chinese,1
BEuZGvNlbM4tXq7YICyM6w,589,4,chinese,1
zZecd370h2jxzh1kRJ4y2g,895,3.5,chinese,1
kB-lmHs7yNwLIlQyp0kMmQ,1694,4,chinese,1
xOL2SC34gdhKHSbyaDz9BA,133,3,chinese,0
FlZ1zdVEKWv7dwqm8Uw8-w,638,4.5,chinese,1
NXZFu7KHBrG02gzYneY5Xg,517,4,chinese,1
IFZ3_d01uflGixWrrD8_gg,413,4,chinese,1
MMotl_bi3-5JRra91A2jLA,420,4,chinese,1
TKfUaqizEuC1Qacr3MgmdA,13,3,chinese,0
Y1s36Tk63HIzAc76X_fAiQ,455,3.5,chinese,1
6uPtOyrxXV8y1y8pvLU2pA,52,3,chinese,0
mQX9JxLMlhVxaUMP9ADUHw,490,3.5,chinese,1
h3yz3w8ke1jIaGnqGln93A,34,3,chinese,0
U0EJ4URMoFHJEzAkMp4WWQ,123,2.5,chinese,0
Bjv99EWQdyJUGzAZYQ_WOA,807,3.5,chinese,1
5dzFMuClH9CDvfaUuIKWeg,38,3,chinese,0
sinDhwX8Egru_3FCI7bhkw,979,3.5,chinese,1
VbUy299ch56p4GYZTNDbvA,1104,3.5,chinese,1
yVDNPV0Yf3vQAsXTJett1g,36,3,chinese,0
9j5r0NlYKRkBTVvnAcUcwg,58,3,chinese,0
5rX_7IkvFx5MKqS3ikQe3Q,94,3,chinese,0
98SsKXNs37ohAQERZbBPJg,55,3,chinese,0
wxUTM-FkpCvnoTGJfSXkWg,29,3,chinese,0
ySIIdmS4oh-QL2dny7GscA,509,4,chinese,1
bK-Y2zCIMolqRDHsaYUCWA,225,3,chinese,0
entLjafiBAYOvbJYHRvyrw,17,3,chinese,0
ggJ8NWu0augmwCdbJu1n8w,86,2.5,chinese,0
KpBfFpjzsGvvqAzCasVW0g,1112,4,chinese,1
AjZ9hwJRu77jgWIrnhsGcg,11,3,chinese,0
D3LtTiVtIPOcUT_bjxztRA,469,4,chinese,1
dP6SmZ5E5Nj64-3zZMjGSg,38,3,chinese,0
_BL1-CT06HGkiA3jcucu2Q,14,3,chinese,0
EF0O_YwVCuWioswtEMrjpg,310,3,chinese,0
rJeh77RIvtmISisvVoy6TA,105,3,chinese,0
JRSAnPCs3jgiRVvE9j2S7g,60,3,chinese,0
F2KRHRtnIAZJezs9UC2u6w,42,3,chinese,0
XaEFFUabnbH8ZF7ccmSAlQ,46,2.5,chinese,0
svvP8Thiit_8TX-Lfeecrw,48,3,chinese,0
j9LAlbSiqGlvfAOt8LRRzQ,49,2.5,chinese,0
pnhnrLOs2WN7wpvxmjSm1w,53,3,chinese,0
EL6Qg5LzrfhDFnF7MUfGLA,36,2.5,chinese,0
WgQkB7cbPNgj0pLin7gQtw,70,3,chinese,0
ZUBqQZwMGZSOVbfpOI_uyg,953,3.5,chinese,1
iXmDaPsgylG1kHPLli15MQ,576,4,chinese,1
kZIwBwL0XKcs4ti7b64Odg,198,2.5,chinese,0
N0cfNApqwrPEqXgcf3NWmg,847,3.5,chinese,1
ulKoAGcGOdsXgr0o_l6avA,746,4,chinese,1
HM6cvh5A9LLBeb4Sca6fPA,61,3,chinese,0
ku3TyaUBEkuQtQXKq80Zlg,202,3,chinese,0
yVI01P3ApyLlkqtOfgki7A,14,3,chinese,0
LhBZsjkb6aKdLIq9w9_J2w,38,3,chinese,0
tVB11pOiDhPWlt_o6ylMNg,583,4,chinese,1
FtxaAg8ohX2vp9A3sQ2HQw,466,4,chinese,1
rtucksGJ2MebjJ0PqjIPaw,55,3,chinese,0
3TMP2pncE-0LwoDukbaqlg,134,3,chinese,0
c9I4-T9wTlMmJEHb4obEdQ,41,3,chinese,0
nrsWSUJdNtOhV2UzPi-oOQ,20,3,chinese,0
__r8_g1cgDaiDn10cGeJ3Q,29,2.5,chinese,0
5KDfEi17KRFD1TrzZyT4lQ,22,3,chinese,0
gNS0joGKALsNXFqKmZuurg,62,3,chinese,0
UA2M9QFZghe-9th2KwLoWQ,4273,4,chinese,1
mpxgyGnJsomLOzKRsCK1TA,182,3,chinese,0
UFeM5FPHjl1y8RQ4tvBSog,69,2,chinese,0
TxaxeiUqQqcFrWrerNqgXw,33,2.5,chinese,0
51DwJDP5TOlsCQYc0GQdVQ,50,3,chinese,0
VooUbgaG0F2FeQZfgBbjkg,159,3,chinese,0
2dmgtQTFM7koKllEQsZmhQ,13,3,chinese,0
EVQQ1Fs1YNlKd4HuxmzlJQ,12,3,chinese,0
XOnspIaW6mYVmrvgqOaYSQ,486,4,chinese,1
y8Z9Tos6qtDVd0X0QVm70g,32,2.5,chinese,0
Ex_qolTE5syJ8so0NscfGw,38,3,chinese,0
GkA6N9au7PGE-TisR_H4jg,16,3,chinese,0
#NAME?,903,4,chinese,1
kxykwx5qTWBhlMh18MQ82Q,921,4.5,chinese,1
w0KRT7v9_hsVkcRVMsD2Jg,13,3,chinese,0
wSGZA3DOFSUvALZRKCM_Sw,495,4.5,chinese,1
7qvHljqtI4UZEXwpPp3Yug,59,2,chinese,0
mL43TXtc0WlFCfhlN0ziHQ,2,3,chinese,0
nrxSzq-VxLqD7aFkE4SH3Q,539,4,chinese,1
OHqazo2j-RLZnLWo_YRnDw,27,2.5,chinese,0
JbAdL2vOd-8O_Xa2wRktug,15,3,chinese,0
R0y03SFOY0BdHRUT1LSO0Q,513,4,chinese,1
9L80a4aMA4M1e50gMf-6YQ,68,2.5,chinese,0
ud4-0gH8YlAExTBJoADPtw,470,4,chinese,1
RI-tVET-wKFeRNKm4cg0wQ,1384,3.5,chinese,1
rHA9M0XOJL6O11xaEiDurA,47,2.5,chinese,0
xK8VkEUjAdfrtUBHhvs4Ww,470,3.5,chinese,1
cdoYC58vXUvaTkp3Cl-wnQ,510,4.5,chinese,1
FK5RnNOUxxIImPVcAHGM4w,16,3,chinese,0
e03tT0hH6qU-_dR8pwFa0Q,51,3,chinese,0
34vaEo6IX8c4jr7WkY8ddw,408,3.5,chinese,1
MC06EqjcXFqnL70EJQI3wg,166,2.5,chinese,0
lt3Leywt1pzy23OzDqYRVA,157,3,chinese,0
qByYLfBKtNUIAui0eu-fNQ,970,4,chinese,1
S-jThCG_S-7_xtm75nkB2Q,254,3,chinese,0
DIqsYe-HJS8etyDyXNovBg,585,4,chinese,1
5ccJFGa6crpptt9tW0YKAA,131,2,chinese,0
Wi367ViFEqzj_b308MqdOA,12,2,chinese,0
2eR8ftw-GiTEwg3Y7Rm-MA,523,3.5,chinese,1
lRSiXYB09Z5x1iINqQ7rHA,675,3.5,chinese,1
PUwrkoUztUYs4VdHlK9qBg,46,3,chinese,0
lFw3pv2MQ588kSfWodSIAQ,15,2.5,chinese,0
o60py9C4coDw1Ucic_rVTw,82,3,chinese,0
DijUyfUGs6WoN4dp0_OANQ,887,4,chinese,1
dSTqi-b2mXb-cZhUHPezUg,548,3.5,chinese,1
8WnHtvMdPWE66eSkUdbLhQ,496,4.5,chinese,1
3rCA4ZFJoxCLosUB8CqlbQ,98,2.5,chinese,0
lZy5TNhzgG53zEjK1N1w1w,49,2.5,chinese,0
eS9mTLlWwu_Ap2ROMQWPxg,941,4,chinese,1
wcwftlB-61XG4ymGTR61aw,517,4,chinese,1
YCBjn0t4bMaQb8Bk7l37ng,42,2.5,chinese,0
4x5suSKSAOKYdTvKaRKxKQ,434,3.5,chinese,1
Ms6jgxyr0uW_aPbJoz_1Yw,38,3,chinese,0
tznio-FInuk87Y15Dgq5iw,732,3.5,chinese,1
8Rx82sRLaWA8FgdUkW_HnA,74,3,chinese,0
gcbznFthZ-elsQrYYXrcXQ,19,2.5,chinese,0
YIYetgfNE34G8JhQu98XQw,162,3,chinese,0
31yEM_YcyAqG6an7attTlg,15,3,chinese,0
U0SmczzYhahOeRxftjBPSg,89,3,chinese,0
1Duix1fA6zcJGdYAmBPkmw,744,3.5,chinese,1
XGn1UkkUAGkwRHnegq6Xig,24,3,chinese,0
ECKMWJwm_sihRQIP1ydeOA,32,3,chinese,0
xd_8cHyPO8sjIV8JMojHnw,84,2.5,chinese,0
F89nDDlYZ7wbRe8EpLCqBw,735,4,chinese,1
NL7yHrgnOVNtKNRPon5vGQ,138,3,chinese,0
tiSw-6DIm3-mMORyEIOVyg,1587,4.5,chinese,1
lBFq-P2OGDZy2aPEKgUMfg,24,2,chinese,0
hZPnCn69y31pkqy334tviQ,52,2,chinese,0
nHJkY0_wT0k_-MMi1eHwdg,89,3,chinese,0
dmX0ASRxBZJeMLFZ7WBK3g,160,3,chinese,0
kYJbGSjyXocbRrgMV-zExg,104,3,chinese,0
hUtNR4grA0l1a1YeDb1kjQ,78,2,chinese,0
JhJLPp6KuBcD3CHCkEKJ_A,887,4,chinese,1
vQcK7BH6maW9dAZWJOuW3Q,907,4,chinese,1
poRWXhCG1-mVxs1kuw_ZEg,161,3,chinese,0
2LcsDUTlvovnFz-SEcSJTQ,438,4,chinese,1
QgTR7mA2kd82KVrIJNuJ3A,27,2.5,chinese,0
z1OgXX3L9Ipl2mu-Hf4ADw,564,4,chinese,1
0fW6LvVCxI2cwJiYEvAdSQ,424,4,chinese,1
lxQ-tzFmL1tmUqZUN-CSRQ,740,4,chinese,1
EGnh2TcsbpH-Fbe8svXzsQ,415,4,chinese,1
#NAME?,495,4,chinese,1
4Vbzq9AD0wjSczpAvHUR9Q,52,2.5,chinese,0
XF9MChLaOvtaFV-bReLBqQ,92,2,chinese,0
k4QfaFoqtpEZ1LZylJZqww,409,4,chinese,1
IregrqaJgF9jEghC5yljFw,17,2.5,chinese,0
Mw3Se7wmcQzrxUQ-C3x54Q,602,3.5,chinese,1
urgY8rqEwAr1cpQdoufKAA,10,2.5,chinese,0
hQ1WItXONlYKd3yzDUPBYQ,26,3,chinese,0
J2ks4DGmJ286xUI8WzlYeg,40,3,chinese,0
XwB2qg5lN1oX2_ccyO515g,51,2.5,chinese,0
apykLG7DTZ-7xnOcZGDZZA,698,4,chinese,1
_Acmtq5Nnv4Xmqmz914CUg,11,2.5,chinese,0
LjBKkUSpMwrpo99hXgtHYw,753,4,chinese,1
OpOwJYqJRgRnoBKKPYwdTQ,4,3,chinese,0
oSAiyZF-xTqdRkwN5KrV_Q,569,3.5,chinese,1
vAlfZ1NitNxyhJlxmHoTyg,60,2,chinese,0
wtHvdNN_-O8D8t_04eyuPA,31,2.5,chinese,0
kLSWg3Qa4ZpPdSW_3IkNpA,62,3,chinese,0
dPZ9wSTz7QSAZAW0eZHlmQ,43,3,chinese,0
HFn1sPqKSzvxaMk2n2ZtJw,484,4,chinese,1
8ObY1IkKWvx99nIOqRBshA,33,2,chinese,0
uTXRhiUm5yXLLjC1oGy7ig,478,4,chinese,1
TUpKY3rsYnrYHkbuD46bxg,24,3,chinese,0
vGou_-nTIpcGZMexHi-7sQ,102,3,chinese,0
wCA2kvIfrkzhBQ225VKspA,178,3,chinese,0
BLYomPDQX5HkNWFJ2Lxfpg,88,3,chinese,0
a-Bq_yXFVk2PptoWpmry3w,577,4.5,chinese,1
fcIIwhu8x2w1eWy3SYNwGA,51,3,chinese,0
OCTiJwvjoK81WoDwsTkFvA,469,3.5,chinese,1
HvgrpROomwRg-pATqaV8oQ,411,3.5,chinese,1
BJT8aEHbK538gJ8Cx8AQVQ,69,3,chinese,0
XbQNANeO1E4-yanLZHgCmw,19,2.5,chinese,0
bVEvRibOk3dukWJ8TiU7GQ,24,3,chinese,0
fiNNzhD1BRLP8iA1r3m2Cg,436,3.5,chinese,1
X5HmML-G--nt4lc5VQC2uQ,33,2,chinese,0
VFm8KI_no47AOHUDYYGTVA,217,3,chinese,0
a-hVnSTC12MY5L3t9yOSJw,19,3,chinese,0
4jRVqVqkCNFwV8xxh2Jo3Q,14,3,chinese,0
J85NKgA4tOgBAoqxu0vBNw,202,3,chinese,0
jhFqmhHRDf7TZcITsKntJA,249,2.5,chinese,0
OLY3Ppf7PHFeT0j_O6ptVg,506,4,chinese,1
hfMtSdxRsC3JQP3yrm6nag,1051,4,chinese,1
RLJ5BUm89VySJWHHvmSzEQ,1324,4,chinese,1
6dSiCqC9x51PZRMOvdQTpA,774,4,chinese,1
S-BwjmHOZ--bC4nUR4-cmA,432,4,chinese,1
tLk55gBN_UV59tVrvBABUg,2,2,chinese,0
J09y1DfNu827r0roHY7HcQ,5,3,chinese,0
PSnNzN1rrIGM5Oj8Yu20Ew,1373,3.5,chinese,1
e30Hd_9Cc_7TU2vtWuuucA,95,2.5,chinese,0
hQwaJ8ZSI7w-SKreogRkjw,53,2.5,chinese,0
ATqzYWJLxhNlaXGjmHGNZQ,43,2.5,chinese,0
kgkjgqFn1kRw5qEY0FMiBQ,36,3,chinese,0
ME0627wYk0ikhX2yf1fN7w,550,4,chinese,1
us_Vxl1HYjbirIJ5aRtZew,499,3.5,chinese,1
zsIfJPwYV2WwXyXEKPd9Jw,18,3,chinese,0
iXV4FMZPru7BB_nwN_8mVw,567,4,chinese,1
KvZCCFD8RTyeNe7L4_mLog,37,1.5,chinese,0
nA0FWQ0jf9yOCeuBTERC_w,167,2.5,chinese,0
5NRZM0Z8pMOno5VgpCPFzA,766,3.5,chinese,1
YoGcGxo9JxE7NtmMtPaNng,34,3,chinese,0
1vhKvwPkhwuiZYFp8q5JCg,12,2,chinese,0
rHmeJVffuj96M7jbB-wWgw,774,4,chinese,1
tX_fGX09HCMvXTzHDZQoYw,20,2.5,chinese,0
ng1wpKuQOFjZNCOe5YTwHA,14,3,chinese,0
d74O9YD3anZwYmanGzRmJA,27,3,chinese,0
nJWMWfQvisB_M7ojHLANjA,2,3,chinese,0
1oBUB-3_kCYDsggJqWq_GA,30,3,chinese,0
uzqDuM_7lVDnbkr0dAoM1A,11,2.5,chinese,0
YGfpddz2ml_2h75wbzkh2A,358,3,chinese,0
dSaMEWm0EQTG4TOeUetU5w,104,3,chinese,0
Y7rizwe37H8O1RfKiXrf0Q,22,2.5,chinese,0
jB1V38PMXtWbOzg4j0deFQ,137,3,chinese,0
aGmsJ6_NWw5vnLS43MZLpA,52,2.5,chinese,0
qd5JBbRv6iFBuqaCkCEOvQ,5,2.5,chinese,0
5AD9nY8UrYlCVMb3Y6KeWg,923,3.5,chinese,1
IRQmUno4GQMvEDifCXO-cw,45,2,chinese,0
gpt2U4ecZSCLmgVQPtkzbA,459,3.5,chinese,1
B8uEWQoTILlTNajCmJVOcQ,478,4,chinese,1
9K8VhYvIA26AFMQY8S1soQ,330,3,chinese,0
HrbmGVNx8hmgH_GraPi_8Q,18,2.5,chinese,0
XH2CNWlLU2HXROsT5NkCmA,71,3,chinese,0
n61FbfvTddHBXF5WKWjF4g,258,3,chinese,0
Orb334SNTA7LEYW9XSVX5Q,220,3,chinese,0
1SVf6bO7gWm6HWlupMF15Q,13,2.5,chinese,0
SSvIOFoNkq3ARqWo5PbYwg,17,3,chinese,0
YTjUhZh-5IaNsTvzHsOUQQ,5,2.5,chinese,0
iQKKS_QwYcgrjFISuDClqQ,26,3,chinese,0
enT7NJ7tLMvUMCWQcsUonw,508,4,chinese,1
ji95gU2PjcRHFsaNQe6X1A,14,2.5,chinese,0
EPssbCqoPTIFzZf860lRFQ,16,2.5,chinese,0
mHoZXd8iKtNsKpJVtYjLHg,6,2.5,chinese,0
sooTvMm8hrbHtJkxnu943A,498,3.5,chinese,1
u4nEt-zMNnDNoZib_XuSlw,175,3,chinese,0
bRCNOrmz5S7q064UmIiZqw,183,3,chinese,0
8NRZxnwRcCY9O0V3hs3T4Q,10,2.5,chinese,0
Yrsdl3AaTwMXHZnv4eKQBQ,12,3,chinese,0
cPbR1NvEQaxtoeFtTF5eOA,9,2.5,chinese,0
rGmGim1ZDCxnF8n4NiKrYQ,498,3.5,chinese,1
2PY9Fty_6QRpnZGIxo34eQ,27,3,chinese,0
LU4mHDTgFxOuvuK1SFbJag,21,2.5,chinese,0
S-aX_Pz8F7nDL6kRThKcHw,417,3.5,chinese,1
sEShqxRbZuWqjXEVCGMK9g,75,3,chinese,0
_CkMiWf7QxS9SOBBTT2xyQ,75,3,chinese,0
9BKRqcbYtVfQlSZjQGO5HQ,21,3,chinese,0
e6ejRujpo-LIgiBRF2z8ww,2,3,chinese,0
cZ2Nkl7Z_sCvanOoruvxHQ,54,3,chinese,0
XzMVQtnifzlFoq6Uj4795g,56,3,chinese,0
cxvndpb_DjtZaeBj6Ed81A,207,3,chinese,0
h29589lPZcG4XPVJWlQN8Q,60,2.5,chinese,0
etnDT8OVTPJGz4MRhoPDNw,53,2,chinese,0
6whhXAV-C9L9oM9yAV6cbg,2,2.5,chinese,0
Y3UBu639SToFR0xHHBg1xA,9,2.5,chinese,0
AtgXB0K1_be528hPJjafAg,2,3,chinese,0
Zs4IZRR5eNH_DaKDNa37wg,12,3,chinese,0
JEQ00qBAepe0oSiUBdfIew,1875,4,chinese,1
rV3w5k9rvGl03XP4Fk2Puw,3,3,chinese,0
dDAlpjRdymf148x_9tL0pQ,65,2.5,chinese,0
xkYzEUPO6sR8bq5vWZSlpQ,24,3,chinese,0
jY24wzoHi-DSHYSybWao7w,38,3,chinese,0
Hkg4b2x8LlYbq2molIFdhw,493,3.5,chinese,1
4zBGXDXg9DzK0IROwCUeFg,512,3.5,chinese,1
N05331bMRnUwz48pRRvD7g,94,2.5,chinese,0
OUR0BM0Cn5gCyvO5JSfQ1w,17,1.5,chinese,0
i4cyV13lYIS4mcJKZW75cA,38,3,chinese,0
iCjntZ9WI6Vl_onP_JqZPA,9,2.5,chinese,0
gWaK8OEXawE43-Di0ykTNQ,82,2.5,chinese,0
b2mz9v_lYZ0J-cOqAd_aeQ,58,3,chinese,0
Rta-_ALLo7g9xTUi23pmRw,89,3,chinese,0
hFLwUehr6VL1wM76XysqRQ,18,2,chinese,0
kZQSQWuxSxrtR4r8TQC50w,28,2,chinese,0
QGvOaL14mWte55v71i3PIQ,988,3.5,chinese,1
d7LM2UaxRQachlWhZGP_tg,319,3,chinese,0
x0k5kFArHLijdY8-NEQ7Xg,1158,4.5,indian,1
sCC7-hSdCkNPExejZT9BAQ,1151,4.5,indian,1
NgD-6ogFGc_c4z5_Ur4k2g,1369,3.5,indian,1
kS2CP48K66yL2TwIhUqy_A,724,4,indian,1
yKQZqmCbk3EkGC5ajHgEGg,446,4,indian,1
HEs6llkn3wIP1ATXeIZQew,548,4,indian,1
m5Whyz8O8jM4DrE808h71g,456,4,indian,1
7DUPGtHqVZHJ3yIufbWLsg,489,4,indian,1
lxNU-aBq0yPwBDx-i89ahA,1023,4.5,indian,1
DZE4ThXa7d0kSXnR3Hb-kg,1181,3.5,indian,1
RdETxi25tbocKIcMiW5TxQ,422,4,indian,1
QqrEF8_ZQCGi63cL10J5oA,530,4,indian,1
9pMhRYYgV7E9L7pzECtJKA,687,4.5,indian,1
ZrdTKStTAo2pchslOev1KQ,662,4,indian,1
sCHiXF4mZcsiY8_cBHNiqw,612,4,indian,1
BPyt7S9TdcR1u571iacg7g,1281,4,indian,1
zVLG_O3AQnvQ53PSJ5mTMA,437,4,indian,1
3uEkZEAp7biQEtt0S7W1Vg,513,4,indian,1
jG3XHl8Bkw5KEwAI93ciVw,424,3.5,indian,1
5z7OuOWuZRu6byp2XDKbQw,768,3.5,indian,1
EPHhPGDFvnq2ARTBxAikuw,477,3.5,indian,1
nd0uXNXaeaDMuMk4C1GusA,481,3.5,indian,1
MidK0WWI0_1tZL8AuR7Jhw,1180,4,indian,1
V2oWqXcoJkgGeIPOaS9eDA,476,4,indian,1
HsEmXckXmsRAAEVDFCGYYg,460,4,indian,1
niivJKBqY5wToDukqZHetQ,487,4,indian,1
5faOK0osoS-zdEwT21S-Cg,261,3,indian,0
xWUL-j6TQyKQHIfOtetu-Q,985,4,indian,1
H0tgZ_2Yuayn18ylu2c3XQ,404,4,indian,1
Ohi-o00luDtU7TMpVtJHJw,896,4,indian,1
bFUVp77ApNkACqXvgiekPQ,590,3.5,indian,1
Q7wFlNr4OFU0eCJXcOmopg,148,3,indian,0
XUataECnaOfdo4a87NqEFg,430,4,indian,1
Nt7vyXyaxnyXpP4NNgrSvw,609,3.5,indian,1
wQjQHZKH_DxwntbSe1QdxQ,931,3.5,indian,1
9DceMTrjyVqBgQRqgR6GWw,1511,4,indian,1
o5sUOmtzcHAeSWtUuFJ00g,256,3,indian,0
DOdbSGm9ULZlVz-1-Jjhmg,468,3.5,indian,1
IpiGGEXxz-5QVJpijXVmmA,559,3.5,indian,1
3C6c_zqRz_U2AyeN_7LTsg,505,4,indian,1
ZkpKRf_AenlKegg2-NSA3g,162,2.5,indian,0
_RVeBqIldnrh757oxL-b7w,135,3,indian,0
TTwPVEHeSeyFMLF6cik8Lw,184,3,indian,0
j0Q-yyxS2WiL3foCJEV4eg,478,4,indian,1
qs5aBgcT2v1BFlW-XqQS0Q,485,4,indian,1
WSesw7dMYKmF3XHqD0K0WQ,216,3,indian,0
FON3TceJNsTC0I0mzBwOKg,991,3.5,indian,1
nBoOm-TAhRvbcDkHfKOwGg,98,3,indian,0
jt_mFVGnAcPx27vIz4o29A,1211,3.5,indian,1
j0n_poMVZnODYOFviLbh0Q,1400,4.5,indian,1
kB3QyyhHFVyhGgp35Rnuew,793,4,indian,1
IJg3TdXz8IzKTfcspmr8MQ,739,4,indian,1
NL8nsC9VzhQIAs5yfC2cVQ,108,3,indian,0
yC-GsIbqeQnoVd9LYiOabQ,159,3,indian,0
NH7Ws65ZwlmOosiblfGTRw,45,3,indian,0
x31Xmdw1ekbG-TdD8hT0_w,168,2.5,indian,0
ml3ASw5_B5XLnd9kE8xx3g,75,3,indian,0
zBf-m72ATTPTey-_9vu3Yw,1056,4,indian,1
tIjQyHOubGeKRnx4wSwOeA,447,4.5,indian,1
7CM15wd5d8WC_pHR674YXA,465,4,indian,1
EbX_9tqAJs4gW51gZpOB7g,516,4,indian,1
oX0xsDBmBoFuAws5gfbs2Q,224,3,indian,0
8AM1gGIk6KVb27Q9TYwD9Q,410,4,indian,1
p3E_1wktqB-Z4qtqqO9F-A,774,4,indian,1
XDFrK9kelRfGcQvBN3O1OA,96,3,indian,0
eeGh0KSBTBEeHzL3wSbdWg,112,3,indian,0
xEnNFXtMLDF5kZDxfaCJgA,8758,4.5,indian,1
zy5MD9rhrPaZkCM1d1vmrg,52,3,indian,0
55spA8dSOvKRme3ix-k7gg,873,4,indian,1
l4fwf8VwAokv3MWT45Ab7g,437,4.5,indian,1
VMSO12sjs6W415PSogC7PA,123,3,indian,0
I8X2NYRYHdWrGrxIHZFJ5A,201,3,indian,0
O9AnGazrv5nz7p5mC6FwbQ,450,4,indian,1
E8atCW6l6y1SVeEXbbXzEA,501,4,indian,1
MAjVFhRwxbOsMHLkObzh4Q,80,3,indian,0
u_j2PopX_tFfQvrlerjmmA,93,3,indian,0
jRN12bcaeb2MjJoe2HmuJQ,50,3,indian,0
pySuU21NBcNpM0mr3_bggg,149,3,indian,0
x5HLJVEOYF-cCmGEZFu9yA,791,4,indian,1
9tjTiVC2HepvHwEPdc677g,108,2.5,indian,0
WbCZW0OBcakQ9oxsLsw8vg,97,3,indian,0
IPObt34MFs_Icr83NE7RFQ,39,3,indian,0
wqYHhMnpdfUVGL5JI3Wi_A,923,3.5,indian,1
x9wa2M7gvf32swUSBP3uXA,682,3.5,indian,1
TcuWyuZAORVnQBPCMNbTgw,486,4.5,indian,1
2KCyOxOM5J9glFSpmLqb9Q,135,3,indian,0
dgz6m-9WZhahheWVguwfBw,1,2,indian,0
nydvJwzkth8lumyqKmCdnQ,53,3,indian,0
bRPq-Nmct5bOuOtsu8fC7Q,2022,3.5,indian,1
va55P895H8qYFBjjEk6LIA,147,3,indian,0
JFGHmvKmzW_TP6NjdvoWow,26,3,indian,0
pGr5QuQU7Ur5GHLvXbT8bw,1050,4.5,indian,1
74FFOreAgPphSwSZlfZzgw,527,4,indian,1
jQD0E2iEhPmNqkEs-3QUwQ,64,3,indian,0
vnf1WSV7dTmOeOkIJ46hiw,35,3,indian,0
tf3RVircY9-8adku41N6VQ,406,4,indian,1
u_3TLN0u6LyOL01vdjFOug,1095,4,indian,1
cfa699KGi9Ki-U_mCMVJvg,468,3.5,indian,1
qZgRPGUl01ldRuTd6pSOnA,188,3,indian,0
MAwtBgCmrY-i_jbmXlDMkw,595,4,indian,1
shNn0uGXQBD7wEIhbtzeIg,2,2.5,indian,0
CpsnurlPqkUBWwqO69xS7A,3,2.5,indian,0
Q3q5ODGrzCGjTUKaFEWJkw,5,1.5,indian,0
VNmSye6SGkwtSijlPnV5YA,21,3,indian,0
xscOfj1dMkEKvhrRruLpIg,591,4,indian,1
kmUJxfIvBV1xlC0WUtjcLA,27,3,indian,0
cuUmPDEY-1KXzShGdpsqag,508,4,indian,1
p0aDcwnhhjnAfn67tEFesg,5,1.5,indian,0
lMyJ9lrwRddpsOR_WeMSww,407,4,indian,1
RdcqVP_xjxQEbNRMYccBQw,100,3,indian,0
PwK_4LPh7yQ2VcIGKNKLNw,12,3,indian,0
fXcKFl8IiByjCFUyWtw2PQ,3,2,indian,0
oyRcOkU1wvznOfQ_Wp3IzQ,20,2.5,indian,0
lhfgFU9cQIquGaLpSi4r6g,5,3,indian,0
__XmiV4VwrbVDVHrRzn3oQ,81,2.5,indian,0
PZLdVjlGHc9XlvFDdxHcIw,17,3,indian,0
XcurvEBQwi0g8Tm72uABlw,19,2,indian,0
R0FryAIetxATjdYwOdy1aQ,70,2.5,indian,0
bVyA5z69287U9B9W88hERg,265,3,indian,0
pzVUUB9bXZMK8KvRLOoUWg,1,3,indian,0
XwJwqa89PK-xPSiEXAs_6g,11,1.5,indian,0
eXrk95smyEBBIOJigCvo7Q,8,3,indian,0
8wYaKJvVrRUaOwqVrVw-jQ,2,3,indian,0
AtPhAHLLdmro_p6FP61qtw,16,3,indian,0
R7PHDW6wKzYHOOh4f6MrzA,20,3,indian,0
WBJLoLeRSSzRDrzOv5IRng,3,2.5,indian,0
cWzdIJhEDZIjSGDpYGWy3Q,199,3,indian,0
52tGj_mESixieiWsp4_pOw,22,3,indian,0
jNYhFfAXN3qyy9JbKla9AA,42,3,indian,0
PeLeSgbctqoS_L6g_cvjUw,35,3,indian,0
MVNhVKCIqWXUyhwqWMOnYg,10,3,indian,0
q6BN2aVJFFFkUF4BgpeuyA,75,3,indian,0
#NAME?,98,3,indian,0
8mNN98-kejLAJLR9p7_mvQ,18,2,indian,0
LpQIn07liSugCw3IIQNyvA,4,2,indian,0
tAHRDrCR0l_utA91IyOYNw,111,3,indian,0
dzI6MzwKbrhJN5dEeUbX0w,538,4,indian,1
_oB3M47mlg3dJGKKIYkRIA,13,2.5,indian,0
3RuiiqUg8C3HZ-RuvlqtBg,66,2.5,indian,0
i9EgpwRQVS8kEcgbyEzOeQ,4,2,indian,0
NInbW8FuHAFwz354Ebm4VA,69,3,indian,0
F45gH5oEHbuptyHLRV8ZWw,14,2.5,indian,0
o7fIFh6OgHy8jryyYM3VNA,267,3,indian,0
sUVRmTS3gwZtdDbjA5TPpA,8,2.5,indian,0
L02D3DmTwrkap-BaAfIg8g,4,3,indian,0
_lixxjh89aMAcEhyvQDIiQ,107,2.5,indian,0
sDgN-TGeEz-wd8kWEUWwTA,569,3.5,indian,1
_ztYFP1H6uJmR-9cVLDU5w,69,3,indian,0
KeVQTRyG41doVE3YVsV7Pw,74,3,indian,0
FhHRG5CjoST2jMlz6uANHA,11,3,indian,0
0dQ0z5qAqg9CmMmbEDs7rg,15,2.5,indian,0
85123ck6ZQF5-4rTQbDHjA,2,1,indian,0
XNJgKHavBZm47RpudtAn3A,68,3,indian,0
#NAME?,9,2.5,indian,0
wqOBqXkMar3xPOHfkWGwDA,209,3,indian,0
clRkIWrwyNVpcZdhrYVB5g,17,2.5,indian,0
bvNXEdDaUyy8zkth500qaw,96,2,indian,0
qy2S_akh9RjSAktwUKf1-g,401,3.5,indian,1
3_pn5nxp9NuGv7tJ61Mslw,38,3,indian,0
0eRir9RUGAnfKov68kvKVA,8,2.5,indian,0
YTzWgctWFVyw_07NPTnDNA,13,3,indian,0
QsujlS_gBXtR6SQjWl02Ew,10,2.5,indian,0
rBYSwbua5I5dzMTRX5o7Jg,44,3,indian,0
8s5d0nkoNMgu9Oe066q_lg,81,3,indian,0
Cq2IVq7VOlEzQ0YfdPqc-w,37,3,indian,0
xuZXAeIe7AbhiuKDnwBknw,19,3,indian,0
yndzCcgUIkGhvTyF4va-Eg,29,3,indian,0
dhG-YhfUIuEisQgru2QSKg,46,3,indian,0
GuXLxV90U3k4Bs8VkxqPUQ,264,3,indian,0
8YEW9Skc7m_Fl-7crFzPyQ,30,2.5,indian,0
jPIZ3FR5LNcwPuUHi2Fe4g,72,3,indian,0
Q4lFkP8mC4PLnPErm3ibjw,6,1.5,indian,0
#NAME?,18,2.5,indian,0
uJvC_0oiXtFowcBVG5oJdA,2,2.5,indian,0
J2d9Ep1gy2X9RQQzhiCmzg,7,1.5,indian,0
JYZIJRhWc6KA-SWuFJPAXw,9,3,indian,0
Gw9wDneQviRAhrpEUkcnWQ,133,2.5,indian,0
GgVSxkEzFRyAorxuODA1tQ,2,1,indian,0
7f-oylSG7GlfPRbfWo99LA,12,2.5,indian,0
QAD4BeDKUfvH5SmNtkVhkQ,94,3,indian,0
0wSOGZrj4ILpZSgE7SaYuw,418,4,indian,1
WCzh8JOXq1xFrOhizQKCEw,12,2.5,indian,0
1STHZRLclKk0QxkHOznFkA,58,2.5,indian,0
kNMQuwgqF0A-b4nSd2dH7A,3,1.5,indian,0
kkp7VKm-A-IOeFyXNFAM2w,215,3,indian,0
ejrmaeYJ98VNJn7AbxkcOA,62,2.5,indian,0
j7fFfjr8rIqXjfEJ4FUs2g,5,2,indian,0
duCiuEkLatp6OpuLuzNvVw,17,2,indian,0
h7zUbQHTcCDHGY1jdyT8hg,38,3,indian,0
X_AQHQmY2pO_YHaojU_rMg,173,3,indian,0
FEhAl2T2UGwnsdvjLIQbQA,152,3,indian,0
WY_DiwBhCjqVkk1IKhUGcA,404,4,indian,1
7_-bW_FsYc8Un6R176IKpg,15,2,indian,0
ZywebG6I7Qk9HxsgA7TC1A,1,1,indian,0
hlbihpX8g_mL5A2Wjj8unw,8,3,indian,0
7ODapIfgerSKkAjKR0a2xw,60,3,indian,0
3XNxpgOe5S46uVbIBm0-BA,21,2,indian,0
SbyudNYzawWZPLTQpZRldw,25,3,indian,0
iiwV70LVeKi9_ZTlCFhfZg,5,2.5,indian,0
6n8GGdwNFJYlgW8ExYJ5cA,1,2,indian,0
Pl7usBOnUHmpCGWgD4J0Mg,85,3,indian,0
JYqPz5dabkJbFLaCPdAj7g,45,2.5,indian,0
zIp8N3qSklx2-ewVOAR0LA,6,3,indian,0
C78WEZnGVCDISgKKz98S6Q,42,2.5,indian,0
zsGk4Nl0sKg7SZF2cp__Bw,31,2.5,indian,0
XtRF6hvdB1kxQ7cntqjOqQ,23,2.5,indian,0
kQdMlD0wFeQxJRKFmWBRiQ,23,2.5,indian,0
nKcyBE_1b8Pz2aEI5BW7QQ,16,2,indian,0
eRBcBaXw3TjQE9CfQqKJzA,15,3,indian,0
OyG4nQbq0dCwZYNkYpMxVg,56,1.5,indian,0
6qtnJRxDsp1lr8ULtfvhIA,48,3,indian,0
yPLXIYxsw067-NoQe5Kp1A,27,3,indian,0
qQPs2IvY81FX0wX3vRnHqg,129,2.5,indian,0
kKgHOcqwsa7Zc_a3AZ1sYQ,1,2,indian,0
onDHsXRAd88j4tmuAVpukg,49,3,indian,0
XEN8cu1woUXfadkWBoxjRQ,13,3,indian,0
87eL31BSh13ZUZoKeVkJjA,26,2.5,indian,0
N2UBrvW6Y_smJ6dyVs7x9g,51,3,indian,0
-0Am9mmzsXLW0PYYvrgeFA,2,1,indian,0
sXYymHjev-EJeb6METh1ZA,1,3,indian,0
GFu9tYQD3y8HhSJ6tG4rYQ,21,2.5,indian,0
8llIeBnlrNQhxbc6coLK2g,15,1.5,indian,0
Yxe4xfE67Xr-UE_DUME29A,64,2.5,indian,0
x4rSJdpdJz-ImSQvdp_hGA,11,3,indian,0
IUDm9frR3Xr5ATVr9fDSvA,67,3,indian,0
CDZHKcfX8vQ-RBxDDQk4ow,4,2,indian,0
tccEPkc0-Q5y7gFwHY6tIA,14,2,indian,0
xuhqEmvRLEPiBrWego9j2g,7,2,indian,0
KHOwDFksEvAQ_D4Ncj38OA,6,2.5,indian,0
C6ALlJa5Q2jiYQ1IdDayXw,46,3,indian,0
wUffsz9LfzrBC6oOExum8Q,17,1.5,indian,0
jwjR5acHinCv9ViI8ZOT1g,13,3,indian,0
GLWo04VVUHyGXqZLlTAusw,26,2.5,indian,0
AkealywOkgu7rSbYHjI_jg,32,2,indian,0
3x2w04gUVyBtEJE4hFzyZg,41,1.5,indian,0
HOOnjWhiBJianjZ2YzBifA,59,1.5,indian,0
L3eLMxaY5iZIxlSYgU-w_w,38,3,indian,0
kO3tCJUjV0qJ1quVvBy2Eg,45,3,indian,0
YfXN2GmTiZMTRZCoJk7eCQ,5,1,indian,0
KPOyrjp00jOx0XQrJ7gssA,44,2,indian,0
XodyACtDz2nVg5T_njHQkg,8,2,indian,0
CU6jAjXMD01X7RlYqCqbSg,10,2.5,indian,0
BbUBG9t--g9ndh6HbKysXQ,45,3,indian,0
3Iqijmm8osBcSNw7bDYmtw,19,1.5,indian,0
q7eQs6kIp8VpWcuyD8OGVw,11,2.5,indian,0
0qMqs672AC8Hi20gcXF6Dg,12,2.5,indian,0
tl3HV9dmgD8uGOnmRknlqA,10,1.5,indian,0
vcLWZV06FTiFGavFy4z6cQ,27,2,indian,0
qh7ss81N4dshmgsefH2_Nw,32,3,indian,0
jjJc_CrkB2HodEinB6cWww,3215,4,thai,1
KHdYPT0jUnUGdHGaY73mxg,594,4,thai,1
Hd97N_WkZ_RJ6nsekbNrKQ,1175,3.5,thai,1
rKeLuHDI3PQZsPSVCEMHtw,870,4,thai,1
0L03onqNwxWLrbb_FCK79A,2112,4,thai,1
cOhTtMx8dZmTJldRkVEavA,636,4,thai,1
wGFSTTB6b4MHJJUzBnVJeg,529,4.5,thai,1
83BXSwE0166sObnXLUE4bQ,959,4,thai,1
m6bu1AGIIIM9GNn9_cjsmg,646,4,thai,1
qrydcGQpeDP_1oFvx3qOeg,571,4,thai,1
er4E7VCjDo0xE_IPu5o6Ig,433,3.5,thai,1
QVWmn5jmy_TPmg0G71Dk5g,2548,3.5,thai,1
dtnmxLqBnNAfdCN8fYVeLw,1702,3.5,thai,1
UkA3V8itzKuBGZ9c7y989w,715,3.5,thai,1
fRO4Fwe5uRAajMcTwLbVkA,923,4,thai,1
QCpJlezYJnkZYNat-XYXYw,695,3.5,thai,1
dVR5KHPMZoU9rQvxhY5Otw,528,3.5,thai,1
#NAME?,1048,4,thai,1
nFszVPUX4tj-oarjfBO0nw,957,3.5,thai,1
T8WfkzuVi96qCpj1tWjlxw,1386,3.5,thai,1
A_GbgtUSyGWpihHZOqMdwQ,402,4,thai,1
BKMCAYb9EAivUm3p-vrC9w,573,4,thai,1
oWBDdSamOzxMJzsD_-seXg,409,4,thai,1
0GftSP2dRwEzujkv2VKIgA,511,4,thai,1
DguAGioaK6ZIAt_6kk93tA,460,3.5,thai,1
yQiII2hHgV5aEMtIA2VG0Q,465,3.5,thai,1
Wn-onuhUajQG6Iwngav74g,585,3.5,thai,1
3GMHPnrkFAcqffw3T7JSdQ,443,4.5,thai,1
f7jZvRH-h76F4emzvKytaQ,571,4,thai,1
414qtc1lNAI-HaJ-Gw9puA,427,3.5,thai,1
56BXqZZ09-p1Lfw3ZDjV4A,288,3,thai,0
pSSajdYNKTyAGV8-fk7fWQ,1182,3.5,thai,1
LzyDj8z2CA03Jrs34L9Pgw,256,3,thai,0
#NAME?,461,4,thai,1
hSDbm_GLRNHsMZo_SjBXRw,25,3,thai,0
AILf_L7I9vJ2pyHmSo9v8Q,661,3.5,thai,1
YQyzlr3GLDjl6fokymAhqA,152,3,thai,0
ZfuZ2byArGq-5j8zX8Afeg,699,4,thai,1
CFIOL_GmkAuJyz3fKc7WYg,308,3,thai,0
oS1e-zZ_qzZNIUEp3FYHhQ,341,3,thai,0
a5H9p1B6m6WPVjakPylvdA,490,3.5,thai,1
mpD_kUFo8POQDLoLgRSfCg,449,3.5,thai,1
HyENSD29rcF_5iSFakhMSw,977,3.5,thai,1
sSkLiIMnOBaN-XKwV5r3Cg,210,3,thai,0
cugwo9ncnGnH_Chu-P-iAw,411,4,thai,1
0VGn3bLaUG7lhM5WwkMTCA,136,3,thai,0
zKokTcCI-L1xZwcvE9AxAg,188,3,thai,0
#NAME?,160,3,thai,0
LQ8ITaZIbaiQ8pHPOx5i6w,645,4,thai,1
DEoUnmEnguWiwlDh3CFm1A,41,3,thai,0
mm6DDvU8GZD__3bTY9rA5Q,494,3.5,thai,1
fePu8xy0ir_ikZcS_vVSBA,737,4,thai,1
3KlWyCJ2BikxwcEb0-O4Ww,109,3,thai,0
iX2POTcabQzrTVJ8GK9PKQ,207,3,thai,0
_Ki5XZTB8mL9RDYGj7KP0w,126,2.5,thai,0
ybczZr7m8jZtGe0qDPXW5w,101,3,thai,0
RVVXyZaUDWtPLxJRuP7wEw,57,2.5,thai,0
BsG7_BfjnnGaXuaAmB5LOQ,105,3,thai,0
VEN17aiuU6izPtC2rfJAGw,171,2.5,thai,0
LvmDVd1OlRGFdtY4RH2iSQ,43,3,thai,0
RjxtXkvbVBCDpJdt8pn5lg,112,2.5,thai,0
Xh-pnPzmUOnjyDE2bTGv5w,122,2.5,thai,0
7zaqOuu7vb1XIf3uNUBPnQ,5,3,thai,0
ql3_yRC2POTxtRgUUrp8pA,34,3,thai,0
IYRJ5E7fnK2UC0B5mOgzSQ,195,3,thai,0
tk_hI5v8KufzFaIP57_57g,44,3,thai,0
tw3PUp40GLxuHWqYKsiGFQ,144,3,thai,0
PyaeHq_UAu6nazGiy0XAnw,475,4,thai,1
KkMXFomcmJZBmDdmTMh8yw,599,3.5,thai,1
5Znd8FNSiFPiGLmKeGTOng,11,2,thai,0
yp-qSp0TpQAL7_EwIzFczg,240,3,thai,0
Qacx-Vge9JcfkCPdkhle3Q,68,2,thai,0
qZhf1wIyfnMKequoqqs1oQ,93,2.5,thai,0
SkYcO8FaqYgoP-66g58OMw,187,3,thai,0
DYOyC7JQ0DBCY59b7HKb6A,5,3,thai,0
wys1HhKwy80LSIRqG_prEg,180,3,thai,0
VMDmMIWR059HKMp_Mj3Msw,11,3,thai,0
6tPMfbpRV3w3tY2_2BBkvw,147,3,thai,0
pjnaG8CTsXgr_sTFKkvMYw,24,3,thai,0
ybPMdh4XiTTwLWOMUXdwlw,149,3,thai,0
l0zNwRbEQFP1pbbdXZZxcg,155,3,thai,0
KIERtmoOTz7r103MWw08nA,126,3,thai,0
uzSAWlBfrm-9xufAKbY9OA,107,2.5,thai,0
ov8JN2CZGk0fwDO3rtQYSg,180,3,thai,0
iB1tr_xJk7aAt0AhewoB9Q,40,2,thai,0
dJYc9Hi0KJRMqCkCJOxC-w,61,3,thai,0
x9Fq3Zty6d9JQ2ok00YXVA,590,3.5,thai,1
SOrQnn_dsHIFpmW5HTCFCw,25,3,thai,0
PiOv4vMRLaJJoqt_Eyebvw,285,3,thai,0
mlpocFeAfMUgV1-0myDn2A,99,3,thai,0
MRzv1MW8M66vkHA8npV9lw,333,3,thai,0
k3h6SC78ItelIurfUB0pcg,2,2.5,thai,0
59EsyFYqlFfS6MlxuNRk4Q,7,1.5,thai,0
DY0y0KPwu8LnQteNB-uoAQ,232,3,thai,0
9c8M-3W7vuP4idvgi2LXSw,94,3,thai,0
3pOAiE7W7nDEeVFNy_vmfw,30,2,thai,0
Zx44jCgDv1TwKMGzcXajIQ,582,4,thai,1
0QcOIcnGZVf2CW7ibeKh_Q,13,2,thai,0
iTke4ZsI0WyAHD6fmAtRLA,213,3,thai,0
YaC0zQKELcFAwhWX0oSUCQ,102,2.5,thai,0
GURmB4kTMLpG8AGjx52ILw,225,3,thai,0
-6wpiKE7vCkFVb7GLCVcIw,117,2,thai,0
BwZgxjMkONG-wVJfO8Nd2g,20,2,thai,0
C5t0mPGdT_sOlcg-RkGcjA,17,2,thai,0
wQxJkDpO3kOSBRSsRi3CaA,535,3.5,thai,1
9nLM3rfLRfVm-1qQH1jRGg,26,2.5,thai,0
CWPSQu6ydyzsM3pUlQyMkg,53,3,thai,0
r_auTWBu0-xW_9SQWLEdrg,56,2,thai,0
kzvcRu47MA2fPvW0WRPICA,4,3,thai,0
iIcUpEOjMLuzAIfyY_vgYA,451,3.5,thai,1
GXLGoW56JMm1lQf6Lnc15w,63,2.5,thai,0
JlFbaMbMzsu7FA307mUIqg,1351,4.5,thai,1
cwWIpjd1KHCaejwGXz7vmQ,2,2,thai,0
0gMp5__7rq2csBndxnNtGQ,85,3,thai,0
9ieA0TyApI94wEqqW_r93w,46,1.5,thai,0
VGOSQXDBT1pHhqAB7_B8mA,161,2.5,thai,0
bZq9iz6OgrK6DSH1TBO1kA,2,3,thai,0
R9fhVXmtgRwZNgOr-kNWHA,34,2.5,thai,0
T3KK5s1HaPGokXEc5Z8vOg,190,3,thai,0
FsHqkVb0kmLq1VW7P-xz1A,140,3,thai,0
ChOiuNbaglkVmrlk9lIIIA,15,2.5,thai,0
xG7W7SpI5_sJQXl-aIciIA,16,2.5,thai,0
eNZ4VK4G9z5LPdG756pixw,17,3,thai,0
2N96z5wHbk-xz-Egghb2Wg,280,2.5,thai,0
L_-RylYupDJG1leOCXQwcQ,1,1,thai,0
B6fXfY9Z-66OfISBD5-wuA,3,2.5,thai,0
pcBSBUzqKTh6KkwCYVDxBg,21,3,thai,0
boU8YGyv3xft7VwH37Bh2A,13,2,thai,0
MWSPU-PcrJmA1lzg6N8wew,4,2.5,thai,0
1h14NZ5OYv8ugIuk0I5J3A,219,3,thai,0
TfO9b3q0urwXlSaDXKrirQ,1,1,thai,0
#NAME?,21,3,thai,0
fYKcfxFWcdAxp1pHvjpjdw,7,1.5,thai,0
NXs7EW0f6TkMlRdA1MsCaw,279,3,thai,0
F5T1HMAb5iRBFrIOcz7e3w,21,2.5,thai,0
-edCxB-9khQrBsqXNcBg1A,96,2.5,thai,0
vgQS_pLd4AftB4RNVnyD-A,11,2.5,thai,0
dYTs_juR4n2dg_j3CNovNw,31,1.5,thai,0
k4Aoi0jXt6S3W_lxCYO9Qg,46,3,thai,0
IIKK1IKRVNEyE7lFo9pprQ,1,3,thai,0
QDRwu009x0GopNWbJS3JAg,16,2.5,thai,0
G_C-murI79nWDtR10h14XA,162,3,thai,0
_yWKwNjynMD93fe339j9Wg,404,3.5,thai,1
tmPm9uEGh8q75Qe8bNTOgQ,3,2.5,thai,0
iK0eVDtSFW7cW-4PKhq0WA,7,1.5,thai,0
ek5QcFdvioUbQMCvtOWYEg,7,3,thai,0
kAwN-eXOLkZ4OJSRgmjojw,84,3,thai,0
TIx5_m1eg6JJnpUkc_ywXg,24,3,thai,0
9AIfcDXRJYpFT9mZUXP4Xw,52,3,thai,0
nt-B5XlmTJlQsDqoiL7UKA,46,2,thai,0
xCUkWulAEHlbDvPwPZYgtw,57,2.5,thai,0
stPjfEKT72ahjMsMVrK6aA,227,2.5,thai,0
yFCBReZ9X8UYQ0atpXssyg,17,2.5,thai,0
qVEmCWCDISUqKRADh0gK9Q,5,2.5,thai,0
p1n4SeP1goqMJAm390LlBQ,7,2.5,thai,0
71EQXj4urSJKrM7bZwM4Fg,38,2.5,thai,0
mx4RsihuvH8ysNaCVpQs6g,72,2.5,thai,0
ipozz6SGA1fgc-yVH5QDnQ,47,2,thai,0
yLHxqn_r3hVihRM1hchDuA,5,3,thai,0
8jGslaAwBP-pjpYboMZ32g,183,1.5,thai,0
zlM8ttFYhJP8tzpN8NLdLg,60,3,thai,0
kCaB9913MTiXmFTqy02uwA,20,2.5,thai,0
0x9ookVA2l9eT8o6IT4B5w,16,3,thai,0
S5_KVI_M8Thn6XsKvbRw2A,29,3,thai,0
MpBA7mAzIP6w9gKk0IuyNA,29,3,thai,0
g_DS1jNZ-minHZu_3OjV_g,4,2.5,thai,0
Wx6lMnEh7dCmX-9PQF1Ifw,1567,4,mexican,1
xemN4tP9RlK5c-yUT-M71Q,631,4,mexican,1
6Ct7OeTRn4caY9g0swFBsw,579,4.5,mexican,1
sTu5z5HUcIYykg97HHj8xA,729,4,mexican,1
ihzI-4yGesoQuAoIocao8g,409,4,mexican,1
DFRpXRHjOHBxYHiuvwaEQQ,1008,3.5,mexican,1
RzKR9QcYP03EQ_8DxTxowg,1018,4,mexican,1
9aJ1MVTthZw3QjqoG7mPjg,481,4,mexican,1
9_CEU7Wmvmwlyvqr-PJD6w,840,4,mexican,1
boRM4i0UQswxQIp6CA9y_A,1784,3.5,mexican,1
NOh24SMS6k4pzNv8Ds7KDg,2993,4,mexican,1
dYWjNK07igws9jFNgQmhng,1291,3.5,mexican,1
54hPnm8Z4rJST1CZWaOznw,516,4,mexican,1
PAJdNrD4HFBN16OAFeDx4A,441,4,mexican,1
36Hruo3o2JE6Q2Wdnhy0wA,561,4,mexican,1
dgaNriM1VdI2nGochhHE_g,882,4,mexican,1
BbMUXd69i0tlWS2aoppwaQ,575,4,mexican,1
0AWdTQZ97G4rutU0z9Di6g,621,4,mexican,1
M1YYZ9cTVuMXLji_XF6rzg,1024,3.5,mexican,1
oSFL1AVZYouS4YrDjoLyLA,531,4,mexican,1
1nR3kKOs938gcgnw6p5wjg,654,3.5,mexican,1
VOAryQk18GIxwErygoranA,405,3.5,mexican,1
WqjqHMozyW42XLTtLnKGag,607,4.5,mexican,1
Wm6vj0ekRAzZnaeaBEkOag,1449,4,mexican,1
8WSRmH4rsSRJN1jN0qmT_A,572,3.5,mexican,1
jnEv25Y2DosTq2sNnvmC9g,2131,4.5,mexican,1
jB5fXguSmlX65asSB3KIfQ,450,3.5,mexican,1
4ttqjZMCsfz6X0kQ_KR0xQ,806,4,mexican,1
R5jpETY0OshPn-AeJjs0fA,880,3.5,mexican,1
NvyOagUcodDPHSDF5Vhbmg,377,3,mexican,0
jYAqup9AF9N9wYAWYanZ-A,761,3.5,mexican,1
Jb6g3-HKC__8X1i-PcekJw,448,3.5,mexican,1
e7krRmyE5upHv2gsEOdR8w,561,4,mexican,1
1m6viubAWUgsTgguIrJT6A,666,3.5,mexican,1
iUOijKvgnv_4Iu758CqlOg,433,4,mexican,1
jgFMmMnwipOBv8jOUQpjRQ,316,3,mexican,0
YKAwpTnKO-n5vB9-pqaCLQ,445,3.5,mexican,1
q2D80--iDkSwf_OKsS-jdA,544,4,mexican,1
TgoYhgbPCYhLBNtpue3QHg,745,3.5,mexican,1
mmAlHhnTDXIohPC3wfl0hQ,674,4,mexican,1
DTKKEogIt2wQm4UULYVGug,687,3.5,mexican,1
YsDmYRzJo3kiwZvIe1r0Fg,463,3.5,mexican,1
VIIfYEzIppjps0K_J_8zLg,537,3.5,mexican,1
rbAxZRKdMoMxeonDTmooFg,487,3.5,mexican,1
0W0m68TNPbodGCA3PhIB4w,405,4,mexican,1
DZaN3bNWfwcm__sNw5bvDg,1363,4.5,mexican,1
DyraY-I4fsow50n9MNbwnQ,414,3.5,mexican,1
Ve9eysLcTjGLbKp7tjOd9w,940,4,mexican,1
qosp2vDDXks8eMGH7p4WSQ,648,4,mexican,1
EHUNrnIgnhwTnpOm3gEESg,510,3.5,mexican,1
9z2lUyfzZV8b2rkkiwSM4g,766,4,mexican,1
Rc1lxc5lSKJYd162JHNMfQ,1723,4,mexican,1
U9BX6bMvXHk8umBYnS3Dog,1254,4,mexican,1
bbb6QZReetkrrubqGWJokQ,419,3.5,mexican,1
o-KRgyTJoM4EM-K-rwe86w,499,3.5,mexican,1
vRrVSB-LegwUwIxpkeRVtQ,2103,4.5,mexican,1
HwDu45zV90Wmprn6sPttCQ,173,3,mexican,0
iBm8YTqNwrddsxWdqLPK-A,2445,4,mexican,1
xIi-TO8iDQCy1ZSHe11_Zw,190,3,mexican,0
SULHf6nGQ8sK0UpG1XU30w,516,4.5,mexican,1
QwL5LS436Xjo9MHFi2rc-g,1091,3.5,mexican,1
AgAkUVLN_axMY-bzbNCfCw,1580,4,mexican,1
ub2VfE7SRLJABAClzGZp3A,477,3.5,mexican,1
foAYWheDCF9wUyKPuOGYow,306,3,mexican,0
JzUg9hbxpAbyvs0JzbFruA,229,3,mexican,0
5LO5C4doYF_UP2OB29zYMg,610,3.5,mexican,1
DHFEpeJXemrdxIuGGcyurg,568,4,mexican,1
ifGXrRqs-zp6ek7LsoozrQ,629,4,mexican,1
JPOjbYV-4NG1C221UVUtiQ,173,3,mexican,0
tKpTRuNe7JJD6IYFPVCXNg,173,3,mexican,0
MfbVI5reXLIIs8Cc2HwgQw,1329,4.5,mexican,1
AwSifv9HiaKrUWNV1TDGCA,807,4,mexican,1
d7YbQzGlmawMGAzUHzZvuw,958,3.5,mexican,1
zjnnccSIpMdx5fN-MxAr_w,495,3.5,mexican,1
qIOAlXCCYrwN0VxEEH-Tmw,1097,4,mexican,1
nRO136GRieGtxz18uD61DA,1770,4.5,mexican,1
AABqAsYdRI9gSyU1gStdxg,100,3,mexican,0
NcIUA8l_kmbPEwqI9lzELg,527,3.5,mexican,1
frWu5KfSULdCHd0GmA-ytw,617,3.5,mexican,1
HKBJGt04_ZSdiIWA_6J8kQ,570,3.5,mexican,1
Ck09FempamAKGSPsV_bX-A,483,4.5,mexican,1
rWhN2fYnfgJctQbuFPSbdQ,459,3.5,mexican,1
kqewBLuQDB3euc-s_mRf4A,1970,3.5,mexican,1
hlc6c-3N_rOvO_XwOGEYRw,111,3,mexican,0
SCQvI5pAJmD-OMm37kkS6Q,544,4,mexican,1
ZZxYVgodx2TxbYwh-0YU1w,470,4.5,mexican,1
xNgaGyePJ7fyZ9D0J74-3A,298,3,mexican,0
Hh9glEE_xDYT_pPUsRPXlA,2362,4,mexican,1
iV4Qm5DnGChgrnbYG20ASw,257,2.5,mexican,0
v4_89HfTm05NFTuukjsl_g,756,4,mexican,1
okNIE5TrZVy43GI0A3aUIw,951,3.5,mexican,1
B55Ocx5RBWxo6AGSucYSIA,2056,4,mexican,1
Ve6GVzzJpR5QIIPdcn6ViQ,697,4,mexican,1
KfZI6oovMvG5tLd0NFBeKQ,672,4.5,mexican,1
UBqLK5kg0kT72CIaBYa5Zg,355,3,mexican,0
jFYEsw6_4y4VMpSVB863sw,610,3.5,mexican,1
0EtZ1xhnXWp4-ysNVwItYA,657,4,mexican,1
5Ota_iMwlPLPrap-KfQrgw,655,3.5,mexican,1
3DNtS1_3gobrYQBAwDx4DA,629,3.5,mexican,1
ssGhu4n3emZ9kEPVf371IQ,1781,4,mexican,1
mhrLDFTxUzW2koRAzjlt5g,861,4,mexican,1
Nnuz_Ic0IdWOUbl64r4Hkg,684,4,mexican,1
fTyE8UGWb_4Q05fd_H6YPg,244,3,mexican,0
9OUXhF3r1CVF8jahUanMbg,283,3,mexican,0
F76RYME8VeIIJDkVCOe0rg,192,2.5,mexican,0
D7w3Nk3H0oDYZSIAaRgYRA,238,3,mexican,0
zBORlLYwMqqJ_GOX6K31mw,391,2.5,mexican,0
aStZY21Qmtzm1IS8y1_81g,223,3,mexican,0
IOHaEgK1zDvUvB3SfKuGCw,997,4,mexican,1
sul_ihulQ5VUPNbk9liWqA,270,2.5,mexican,0
KCBfW6sWl9Gx-LvMff08jg,966,4,mexican,1
441p9X0RMR4epB_yOHs73A,287,2.5,mexican,0
FizBsTIAJwNrImIG1mPDcg,1189,4,mexican,1
SPvW-SV2Ed7z8k-QXDUIDg,516,4,mexican,1
j4dGkqL-OK9YH8Sl2eOWEg,1128,3.5,mexican,1
ox36ejKIJqE0lALCiZu0IA,548,3.5,mexican,1
NO39sbbqugt1UdvOAQtmPg,575,3.5,mexican,1
LQHegfNHe7ylY3bocrFlpg,1105,4,mexican,1
oLA02lMIfgvbYquvXzkARw,1176,4,mexican,1
mIb2fcxjJ81y8omv7oyi7g,48,3,mexican,0
JYNBy2r3LVhJbLHE1bASfg,1285,3.5,mexican,1
GeL6wGdzhdEhuIFQau3ocQ,107,3,mexican,0
iK2jJQA72XRjf4nUD3cAnA,631,4,mexican,1
fSQ3CCtFSJ2S8VXDi02-3Q,412,4,mexican,1
NwrqmFGO-utVOG-eeDDuXg,2004,3.5,mexican,1
#NAME?,2187,4,mexican,1
hrswGldQVdR9OJRtqp0TxA,359,3,mexican,0
A2DV-AQIXRYUMu5Ak5mjxg,757,4.5,mexican,1
sbdRT4UyIYTFrXfCKraAhQ,189,3,mexican,0
5SOM3bh1R5K3RZ9E20TxUg,421,3.5,mexican,1
h7_M3CISwvFVqgLG8xcSbQ,305,3,mexican,0
gGkkzrcHh1xS-S55OsuKsw,519,3.5,mexican,1
trOfIBnEr_CxZuLRyGj9FQ,476,4,mexican,1
8fr5FYU1ip0phERt1mrekg,637,4.5,mexican,1
GXW2ADbOJKLry33sRaH9mw,2673,4,mexican,1
X2mfQ5SOE5eMuUzPrI_pwA,625,3.5,mexican,1
3M6CsWQ_FIAzpxnuqq_eHw,213,2.5,mexican,0
puIxzUYl8hhVfWJRaMsZcA,1404,3.5,mexican,1
2IrwjU67gguqLqQqZ1nFPg,490,4,mexican,1
ehUuSk5gPTCQmwS_ubgKRA,1522,4.5,mexican,1
YjAM0lKyc_ysySljDLfH0Q,343,2.5,mexican,0
luA6pI0K6AWU_ivxqykdiA,740,3.5,mexican,1
oopgHvduXbtgwNRmybEhgQ,921,3.5,mexican,1
yi6jIxzHo-nbAOG4KWuqcw,1216,4,mexican,1
Cn0aZzeIrulN6N4OF7eMdQ,187,3,mexican,0
MRF4bNFPAyHe2rMS1yZobg,81,3,mexican,0
15pcxijuNY8BMNzBhABt7w,442,4,mexican,1
s3jou_L_LVYGkNHiuhjlew,415,4.5,mexican,1
6_diNjI8MJUWDyYT2mjvSA,47,3,mexican,0
FA_0DX6FwHm1Lnqz_fd9iA,24,2.5,mexican,0
qMHzIYzoHYe55I7L65iEQw,445,4,mexican,1
Ko95LRE9AAvb2Lk9Iwh2-Q,639,4,mexican,1
xP3sGOzcyK56mY0cnOXU8w,21,3,mexican,0
I6optu9x0JAf8oT5lqJ8qw,916,4,mexican,1
R6cdgEFQwu0vDllP5tEWUQ,186,3,mexican,0
9YXvNE2jpEhA4k6M8WDH7A,412,4.5,mexican,1
5Ia7a72M6b8ht88mD_E3-A,378,3,mexican,0
EU7d7_D9cQuSWL1iFvFz0A,155,3,mexican,0
Y1dM7kSfq7PoB7NrDQFpdQ,261,3,mexican,0
pNYcGGAj4AYaExlmrEmfUw,569,4,mexican,1
6GwOwhHPW8YCSfaOtM-55Q,1011,3.5,mexican,1
q1uIqB8PvyCCX8TajaRYBg,1171,4,mexican,1
OICgilPNwolv00z7d1Y37w,46,2.5,mexican,0
EZHEA7QR_9WFeCJhbjK73Q,180,3,mexican,0
HjffHJTq9BvZrv0NV7dUgw,212,3,mexican,0
vQTMu1jkFZUIkb_EmYPa9w,22,2.5,mexican,0
Xd_l7jtUAZZAAvK8-mI2Jw,532,4,mexican,1
9a6I0FhQ-S7wZo4OaLThzw,36,3,mexican,0
pDUQF3IgvqZfT31luMgwTA,412,4,mexican,1
b1YI5HyveAliyFh7Tuiszg,42,3,mexican,0
P_UREWCQxEYVbBa-KW_Wew,1145,4,mexican,1
Pw_rocMnKdZSnbGxowaJ8A,324,3,mexican,0
YfpFRkOx6rFcWsuvQpyMHA,888,3.5,mexican,1
3omBIylGFJugwLgNgUgOXw,961,4,mexican,1
C-8mGN7lt5rIraO5n-15ug,1948,4,mexican,1
Fj9ZANHw4gVd1W7UljnTFw,101,3,mexican,0
UXVDyIzmO5kmJnlv-HDXLg,2917,3.5,mexican,1
4Fe6J1brxdVHdhFW1iKUlQ,193,3,mexican,0
_8Oq6MmhqLgzQDVYXWLxuA,604,4,mexican,1
pxtno4adrYTjyQsxngTj9A,576,4,mexican,1
StpOKezaW-AyN2xA1EJKvw,1187,4,mexican,1
2RbBg1CIxBZAc2MQPdxkcA,956,4,mexican,1
w4cFJhUpjGXqqWBd3BbY4w,1826,4,mexican,1
TIjtmaeUZexPZvcBz73VCw,1090,4,mexican,1
juULANORQ2onWkEvSMjlaw,101,3,mexican,0
6k6PRNSLnExNes-iGcu1EA,83,3,mexican,0
IAYa1h5Hh0jVtzXDUsojiQ,199,3,mexican,0
5QI6QXNJThnqWQFO7y0VOw,457,4.5,mexican,1
OAqsZMbjv66nOMqlimnYuQ,1972,4,mexican,1
kxY3FXKrJvxAIyaS5hx4Gw,34,3,mexican,0
6gDUVNZo0E9lxO2DkAhHOQ,410,4.5,mexican,1
dflLgvd6EOiTL96FFsu84g,1,2,mexican,0
A0nCLU0qBly0AUm-pvgNXw,86,3,mexican,0
yZs_A8r0qDz7Z5bR0C-aiQ,549,4,mexican,1
8NVN6Nldm7AGoGaABBZMRw,534,4,mexican,1
lXGCo-K7eftxRT_6E59-Iw,1039,4,mexican,1
I2lgw_7DUnwD92ND4PN-Ow,679,4,mexican,1
9S7aUnJFo5t3SJMm6tmPcA,640,4,mexican,1
mosd9Voq5Ws6k6Uduii_ww,761,3.5,mexican,1
sSSV7G16yUijp-Peq4fmsA,855,4,mexican,1
LHxZgTddXIp_S1sL3nNG9w,596,4,mexican,1
uoT2_Wrt1noD6kZOID7tUg,2844,4,mexican,1
45r5T47m3RaQqNQxOCb98w,258,3,mexican,0
Drb6I9masZDvxQUVcqE2ww,682,4,mexican,1
mTWlEiCUEBlxBAkIikkB1A,1051,4,mexican,1
LghHcDB42fkYx43rVq-O9w,168,3,mexican,0
z5hRX3iJ5Ty_S38iG_WY3Q,1054,4.5,mexican,1
_XPusO4eMV3L9TiD38I4gw,38,3,mexican,0
FjIbsD5d6sYp9nWg7qblFw,55,3,mexican,0
_M5FVY4hkcuU-ASdVZPfRQ,472,4,mexican,1
2wQsfQkorp9L03vPEFAZJw,473,4,mexican,1
0KeuqyRSUAYLwMI-3ZAZJw,23,3,mexican,0
DAAdG53Wry4Q6juEk3q6SA,81,2.5,mexican,0
aidZpXrufp3t-cV1tMTzOQ,145,3,mexican,0
drHqgDkBC5lDv1Qge1IyZQ,31,3,mexican,0
22hJnIdH-_UryUCvdjCChg,200,3,mexican,0
s33HF6gGTWo3D7QxBMv9ow,506,3.5,mexican,1
cwYR8EI4xcmpQ-sdzmsKMA,169,2.5,mexican,0
paogBWxBRdyByOGAkln8Lw,49,3,mexican,0
adDPQU75YmsQDx7n4xxw8A,94,2.5,mexican,0
qmSBFiAikpyUO3JA8ez1Ow,167,2.5,mexican,0
l4zRIDWk6hmOcP_jNJj84A,468,4,mexican,1
EzKvmyYk-7xQZ47Me-NDwg,69,3,mexican,0
FeSynfcDT4qB2kDixHUQCA,840,4,mexican,1
TBMDCBzOo6vQzqI1G0jgEQ,48,2.5,mexican,0
8F3LlIYk4-Fn5HBC_1r6Gg,112,3,mexican,0
eTWPn3e-BVBAjXKLDlB84A,185,3,mexican,0
pQuZDnefX038xurT1BhDXA,2080,4,mexican,1
k8GkDhdmBT63MymXjQbc3A,3,2,mexican,0
k5NAz3-goMXKoUqPfOZ1Hw,1747,3.5,mexican,1
sqfCN8XXmGd3EqGUGeiSog,8,3,mexican,0
gCwbwgUkihSjK75EpzwWHQ,224,3,mexican,0
uby3glEc0Brt9LAoCI0WTg,721,3.5,mexican,1
be6NzaJ-t-zW4ml_WPddYA,575,3.5,mexican,1
tpuujrkCegnQCvLIRBrOhA,896,3.5,mexican,1
xe9qWNyYmsRvNGRPgW-ZcA,889,4,mexican,1
bWENqo52d9fFPH9D-CWuqQ,38,2,mexican,0
jGf-TvXUMrOawzle0U9k3A,397,3,mexican,0
qS15lSSIChNKBECO7uCi2g,39,3,mexican,0
MOwB9YYd-Ko6nVgSB-ltQw,652,4,mexican,1
dO03lFjb-9vxEmEt49RjNQ,91,3,mexican,0
2F8_E_AU9CK0aiEOfBP1FA,327,3,mexican,0
gF4WOspnk9KkUWKDi0uS9g,57,2.5,mexican,0
oYIdKuDLo54U4lN72NqWkg,1008,3.5,mexican,1
hDgpiXE5_d4Is1sJ5kUBQg,674,4,mexican,1
bO8x1Xvtyj4_gUxtX-sjrA,40,3,mexican,0
BbiJRSEjI3SdFgLXaY6HAA,89,3,mexican,0
TmVOi5Kl6OGXGPj8cn1XyQ,7,2,mexican,0
_8yVxZ7D7X--YVwJUX_LsA,1,1,mexican,0
zOAI1w8SK7snYmYMXZ0bsA,17,3,mexican,0
SjG7CnTIuUBIo9T4BThkGQ,1294,4,mexican,1
fSgoG2l2GwDjQnLGOekjUA,16,3,mexican,0
FwygEW3PBBh9g4ELNLpS8w,487,3.5,mexican,1
3l_Zr3YGr6cCwcKIAcPvOg,48,3,mexican,0
SiwsLmJ_7sxt2C7S-8muTw,62,3,mexican,0
Trw7ZZlMjlSLqa0owjhxhA,607,3.5,mexican,1
1Q3oaJahyGRogDWgpo7PIw,1426,4,mexican,1
HrdIdeDZBTUdyEdSTPG1zg,598,4,mexican,1
3_8uwehn3Pie7WC0lfmOqw,120,3,mexican,0
#NAME?,61,3,mexican,0
9Ck47L49P2QK-3wv-BiFrA,563,3.5,mexican,1
CfWe636m2CAUg4FAdl_zVQ,776,4,mexican,1
210LxcDl5dXlYOMlIUmEFQ,535,4,mexican,1
sGqKDtizXj3tg9jnAc9FeQ,437,4.5,mexican,1
xD9EBKPYwBpjuIIXg4Z0Qg,9,2.5,mexican,0
3idAtiEXe_XfTcPoZC_DcQ,955,4,mexican,1
iNiq1vgWpEa48jlPAce8wQ,875,4,mexican,1
oyyubJoK0VZ2V3a5sVJULg,663,4,mexican,1
26E3j9l0XW_onVIUP-ThCw,538,4.5,mexican,1
P3NfoMjBy_o2BTNNZ-5okg,1291,4,mexican,1
h5VLolcEpu3ZUnDdjfhjSg,319,3,mexican,0
D2qV8sDdHEFlHbVz7VSHRQ,854,3.5,mexican,1
mlGfXoxc8cEss8Yms6VrXg,2106,4,mexican,1
RemvTpxalDjSew5HwmNzUQ,1228,4,mexican,1
dYm7DXMy1r8kCmKiz1MO8w,561,4,mexican,1
wybGzEMjEKYkB3rzkMlLNg,57,3,mexican,0
0BzxIsoRuFvxbMPl-iH70A,736,4,mexican,1
_FAzIqlxCYzQ7LhE03ZOVQ,100,3,mexican,0
YMHxv6VFriKz1KevVXl0Cw,620,3.5,mexican,1
EHT6Q9TWYp8NV11f5xBZkg,152,2.5,mexican,0
x_AXlUAVwKTJ_tRPjPMPGA,454,4,mexican,1
cSRzfprFfAnT1nAcQMgrDA,635,3.5,mexican,1
wrvIZaT5rTmk0YpIvQbvHw,644,4,mexican,1
6-mj10b99EfRym72EuSp1w,40,3,mexican,0
UVDCFAjuDFZDHt1vGLl__Q,35,3,mexican,0
YuBLRUuQ7J9rGZzrC91Qmg,13,2.5,mexican,0
PJeuLlvja4ZKv_tHq_pE1A,604,4,mexican,1
DlDIBBcongaBW2FyNRqeiw,560,4,mexican,1
7B7lFbjmXqim9LCpr-jBQg,111,2.5,mexican,0
1DE0dfgDczWc3NKo5CLCJA,18,3,mexican,0
oDrjaOCWxTGxJ1C8kViocg,80,3,mexican,0
abZ-mEvF6Tj4hfyIg0lKwQ,469,4.5,mexican,1
zwi1iX5X6fCWCKl3wt75fA,8,3,mexican,0
77EedCTJY1biWIYSzAulCQ,1058,3.5,mexican,1
BSv3awhABROYjjwlQaQ-Qw,464,4,mexican,1
HiO_eEu1kwUDM30YEjoG-g,82,3,mexican,0
bU0Ymp2m_6sq3NPw_rXGFw,295,3,mexican,0
NlsxuhV6CUONOyI7xk7-mw,1977,3.5,mexican,1
Ih53ReAUQTuBcjWhzQRatQ,107,3,mexican,0
WspSyFD3a2gxqzPiA2Obfg,32,1.5,mexican,0
xxE4sKeYJAuHdNm7WZlVOg,499,3.5,mexican,1
PtiKYwe-8DlwNOabLKgUpw,33,3,mexican,0
sVG1whNWHhlbjP6p027YcA,873,4,mexican,1
TYKqS9eoC4xiixTNP_xsMQ,932,3.5,mexican,1
l76zEciK7TQpEuGfznI4HQ,219,2.5,mexican,0
wflQFYM4PHZM5sfWXl0aOQ,70,3,mexican,0
CVRte0pMwk3Q9QfWsqWGqg,145,3,mexican,0
mWS4umRg2AyykyAClMrIRw,884,4,mexican,1
BkgHpSgdLg2sRHJUb4oPrg,14,1.5,mexican,0
wouDDTacUIBaRp8YGCFTsA,506,4,mexican,1
oVErTSAtA-DgyKoncr8NkA,88,3,mexican,0
ddaUQkqC53gzOGbMrdVqig,27,2.5,mexican,0
Av0BsdlotLFoEar5u1rDzg,516,4,mexican,1
qOW2fskGqpUlWkbFqlzPbw,38,2.5,mexican,0
_LF3ULe-5TI92CTJcWEz5g,450,3.5,mexican,1
Qj5Wvq6jufSFgJd4dDb_Sg,324,3,mexican,0
8lLs3dsSN-Am2_EtNfbXqA,808,3.5,mexican,1
W5RSIwNKBa7k0jeAs5KDYg,530,4,mexican,1
avVEthVQeXeygAgXfJP8zQ,414,3.5,mexican,1
pD0BuDTrnya7t4S5nm_5Vw,45,2.5,mexican,0
xwOhe0kIfB-ogOkxRcKtVg,135,3,mexican,0
SzY2JgVPvbOsDwkao0artw,14,2,mexican,0
etceI1Kf9CTAu7VpRqy65Q,65,3,mexican,0
vXYFa2qzppkGiOiVPrLwDQ,456,4,mexican,1
Z2sNzskjS8Ck0plppRBJIg,843,4,mexican,1
e0MoX96_uF9-0O058habzQ,535,3.5,mexican,1
O4rYM6YBj90W2u7RhG3Mvg,993,4,mexican,1
L3ekOOsyK_HfFrf5MzQA_w,27,3,mexican,0
QxqN_tZQmkVQ1TjwCpnQUA,114,3,mexican,0
zcPWqsiqaPpNh8nJXR4gpw,479,4,mexican,1
kyt5EC3xRiX7TxYZhjEbvw,37,2,mexican,0
DoSU8IPq-Py_YV3kYmXPfQ,1723,4,italian,1
22nKUyCIbpnzR6R3_g1ptQ,2846,4,italian,1
5TX0X8w5ssIACU_pnBEq6g,1632,4,italian,1
rp8S7scxOkVVeG7dNneMGQ,1475,4.5,italian,1
QObHX0yR6zd0WfksRDbJTA,2391,3.5,italian,1
a0IET3_yCFcO36OqGSsisg,4841,4,italian,1
vjubSxmdG_HoBBgd39geBw,919,4,italian,1
IErfGS0DASSJfYU73m0Sqg,1097,4,italian,1
16ZnHpuaaBt92XWeJHCC5A,1046,4,italian,1
raqwXUBlnc0e8c7CYmxEJQ,1613,4,italian,1
WG639VkTjmK5dzydd1BBJA,1534,4,italian,1
V-FCEicobl5Su-R7EVJQNA,1287,4,italian,1
LXdblKc5g1Dp17xiV-Am1w,776,4,italian,1
5Akss-swwfyoSVeIsDBbvw,1283,3.5,italian,1
Vs8kQ4R381y27AH018gLpg,1109,4,italian,1
yZJbealagfujEkgesAl2hA,1345,4,italian,1
V3USzFEGhuoXez4G2Rk11A,672,4,italian,1
goqTQ4tOD-asC_ZJBW9l7w,593,4,italian,1
hdiuRS9sVZSMReZm4oV5SA,652,4,italian,1
04exhf1PZ79_Km9vHAzvfA,663,4,italian,1
faukkggAc_tuJ4THYlf4fg,493,4,italian,1
1ZKbUeFAs0ltSnAYq4ELKw,767,4.5,italian,1
ZfyfGGtr7usMlsQP1LdU2g,733,4,italian,1
ZVa3-O6LMxZXSpKG0J1h-w,457,4,italian,1
J0OeDwmh5JBhid0A5GvltA,782,4,italian,1
jdNdy-MwBtnXoBGC_JVvwQ,874,4.5,italian,1
3o0W7asUgP7EEKn8iFWFyA,406,4,italian,1
OLa3-KQO9rHjswo55E3Jgg,436,4.5,italian,1
dh5r9-SbN8xJ76XvnayWLQ,486,4,italian,1
l7OsDvMOO3ji3fg0nT0QzA,497,4,italian,1
N-rwVhnEtXg8yY_TlB_KZw,1249,4,italian,1
rJJiGJx3kfMAxtD7P7okHQ,798,3.5,italian,1
k5fd-RSdG4IuXnnGSQ5oOw,750,4,italian,1
dc3hkLkAqCSxDWQzrx-g9A,779,4,italian,1
AUifp6IDKzmorCM6vY2fug,489,4,italian,1
DI_FoHY84hfzTWwlzF76aw,528,4,italian,1
ugIv_ylUdqRIlx6AD8lTJA,519,4,italian,1
7_hGsGEkHrjgAiYVjrCFnw,685,4,italian,1
Z67mgMkN3RfdPEX5mXsyYA,597,4,italian,1
pk89jzL1RsE9U0thf_z6tw,1421,4,italian,1
v64bMLxutTS2MWIrywBczA,440,3.5,italian,1
wZkZmjZEJDraLJgAalnHvA,688,4,italian,1
bEXTA_Gwo2oVg4gnFd9fNA,1060,4,italian,1
MeUq9lombxM9alxs64tejQ,444,4.5,italian,1
yFtOtTd7ncSjFF3QavQ5cA,848,4,italian,1
g4Pwc2mE1yUYXhqPrm53zA,424,4,italian,1
rupPZLhd0oRSAmVDaeYaGA,568,3.5,italian,1
TWH4MjLtN1fKlF-7n6YXHg,862,4,italian,1
DtnlLLvcqeEUIyZTypHnzw,478,4,italian,1
E2zKMwHhz4--dyplQ7gf8A,467,3.5,italian,1
xsQTIeq-WLkp4ParkTQpMQ,855,4,italian,1
MoyxzhaYIsJx-p9IuGGK4w,540,3.5,italian,1
cGqMEMQFtkB3hIGfLy2R3A,855,3.5,italian,1
6Z5OWpaeGGazJHR4LfThsw,586,4,italian,1
lwfCl81r5a0mjxDNxNGC9w,549,4,italian,1
rZ9OFoSqy8u4WECfh--ylg,672,4,italian,1
EegEULbC3qoMA-FaEjivtA,813,4,italian,1
JyXn_GCGM2DsNYIzgzQrDw,568,4,italian,1
XHhRAKq6DArQXYhkgvwaow,428,4,italian,1
MphfKkYFEe0BDQ6hZ0A5fA,479,4,italian,1
cnMNL1O_dVtCdTyQwwOwOQ,613,4,italian,1
Ucxhqn56VtC-eYjdNsg7Og,719,4,italian,1
FKzpfWUpyupl4q74Jt8fTA,1137,4,italian,1
twHJyFgUSd7wzioKQjE7Jw,708,4,italian,1
BA0_zeBrnugK2l0HHp38mw,447,4,italian,1
9iC39Z1YjZKbrrCANgzBXg,587,4,italian,1
WIhm0W9197f_rRtDziq5qQ,5393,4,italian,1
Q1_UvNyONsaVS_VC1mD9Dw,633,4,italian,1
6aVgixwks8EgirE1JtyDAQ,576,3.5,italian,1
b6jOwyX4iaagw8YjXqq1sA,581,4.5,italian,1
tLZfepIfSf0a80zHQTbTGQ,607,4,italian,1
5ZEFbq_AQV5VQFG2JKYzlA,687,4,italian,1
ZMFj1vCfQWdSAtwyjqRUlw,451,4,italian,1
xQ445GaWVN5Aa3sFX9OoIg,1407,4,italian,1
P4hm-IKNMbBbtfWSvPf25A,2636,4,italian,1
C3E8CVVwzKtOv_sRR1WuRQ,413,4,italian,1
LTi4_wcCVmqQeJ_jgTEbOQ,641,4,italian,1
EL5Y6BSinmUte5VW4Eh54Q,592,3.5,italian,1
wOYqxqz5yhx3CrP2RsCXpw,527,4,italian,1
ONEe1U1fNGT80jAEE0sCrg,993,3.5,italian,1
jo30o65XFWmgMJS86zFiFQ,644,3.5,italian,1
zwOAiVT4pAmpNGXzj-t5MA,426,4,italian,1
vbGqzhH_exG5HOG1I23kvg,556,4,italian,1
iEUXrUUqGfUhpgYYSr5Zig,561,3.5,italian,1
uDJw4dQiySoNCBoUalW1Ww,480,4,italian,1
a4WZUTKn90dOkeY38JHNjQ,487,4,italian,1
I8wk0uwL6R0RhSprSlPvNw,585,3.5,italian,1
d7Asc4q2ImoPlA_BhfroTQ,1232,4,italian,1
6n7D4amt9vEruR73tt3S9w,630,3.5,italian,1
SPYMe1nvAEFfgacIqSsHIg,690,4,italian,1
yH6t1JWcwkdWG4CS5KPvow,1350,4,italian,1
GOLFLlO4bpndDkavbgrx9w,422,4,italian,1
M4pCWzdBCkp2g_d834a7Hw,562,3.5,italian,1
3qIISjUYn1tbqHXi7nCLXg,563,4,italian,1
Jwb556DrGTEZryeV7XgZmQ,470,3.5,italian,1
YT5Ywu9y190B4IGIlBetzA,578,3.5,italian,1
ZTsN8TdMXl8SW_AKd_ablw,439,4,italian,1
tRIHhPKryUZ56SfIz6mLiA,639,4,italian,1
_gzXNKarTxagBp6_PkmQKw,1417,4.5,italian,1
yc4vsT-Q4Ej1_9hr94DxkQ,727,4,italian,1
nw85LVh6H3JIiw3ugvhAmw,415,3.5,italian,1
J9xVQScnr0lYWl61_mLXMA,796,4,italian,1
n_NIY1KTi-R5DPkduEUKIw,447,4,italian,1
eVk4F9ixl89zyUHJ1G2Aiw,981,4,italian,1
LRgB2kEKtBxqIxNksTO_PQ,485,4,italian,1
jDIVPYpxQAk1HUAi0NIlQw,588,3.5,italian,1
h8XLhVVPoYPYodZqQOjRMw,752,4,italian,1
06tnwnEQM2j9A6dC3HC_TQ,663,4.5,italian,1
_N92SH1Zi-Hbxn_bNHFz0Q,491,4,italian,1
VqnPcfqYltgxAkIuTaGkYg,424,4,italian,1
aSprnLY-6GkMk1cuv0TMeA,784,4,italian,1
X8Hl9OezX-Yr9Jir3fsF7g,544,4,italian,1
S8OKQ5S40oZ1Rr5RbC0jdg,1012,3.5,italian,1
DF7PV0DE9z0LM4ae6XYeYg,509,3.5,italian,1
CAGAWbPE8uPr2VVvEnv0ZA,434,4,italian,1
Cnqy9w1BFXZFEaChfox0ow,797,3.5,italian,1
c3D2ckzacnPtdGIM8tb-_w,834,4.5,italian,1
r_fUOUhz-pHZxFDV1hzy0w,631,4,italian,1
dMrF98GlFYIPKYY5NVZHbw,575,3.5,italian,1
f8TZ_ctcSwxwW8S69YKnwg,1136,4.5,italian,1
BgGz5IdV53bGb4o7opR5zg,581,4,italian,1
geTFpY84Tp-nVTXflnxtDA,294,3,italian,0
ADHX7nBixDPVlq3OXhny0g,407,4.5,italian,1
WHQpLvxkCK_BMtF8pIShnQ,766,4,italian,1
arjGljFEF5MQ9W2Q_GGCgg,520,4,italian,1
gU6_qALmeWysg2YXMzMrtw,254,3,italian,0
6_QdpGBllowmf94fqZr68Q,618,3.5,italian,1
8qSOz7oTPUUCafsMOBBNEQ,455,4.5,italian,1
WI_AYZSW8ds1GjFq3PQJRA,547,4,italian,1
7Oq1UdUHUGZGH_QI6N-0LQ,633,4,italian,1
YmUKLOG4sTAShvyURuq2zw,91,3,italian,0
GqTgQEqwf3k5JyE7DHDhjw,486,4,italian,1
vtKxYnrZld4w6wG82Vm4pg,541,3.5,italian,1
Rp-1kZ68rHia43PrOd3EEQ,66,3,italian,0
kLJfizeHMQqesp1K9mfUtg,453,4,italian,1
VtJd1l64kqUUyWacwK0J2Q,1778,4,italian,1
AAQDZdKhtcX7otmOfOF9nw,519,4,italian,1
Z22s9SoQOndAey4_SULrvA,234,2.5,italian,0
F2YbqhVr6hBsFrDCyr6M_w,775,4,italian,1
MlboKouxmGPxV2swgCh2AQ,68,3,italian,0
WEhkGLKlj-5X1pq_07Syaw,612,4,italian,1
j6fSechU9HxzbnK-kjQx1Q,426,4,italian,1
P2CTp4xyaNCe2AXSiLeOSQ,546,4,italian,1
FhXjAc6nKLf414KxYujUHw,2308,4,italian,1
GOEBF8Odq1SPdz4PWJx6PQ,258,3,italian,0
XAHfErhn_JujythNCmGl1w,808,4,italian,1
0zxGc7hit7mFSk2o1PvIdQ,347,2.5,italian,0
#NAME?,472,3.5,italian,1
5UxJoqkdYrUEjArx8YITMw,493,4,italian,1
MA1QPFSYddVq_KzEldpcRg,594,3.5,italian,1
h9rymMeMUMOxQ9d93U0YDg,523,4,italian,1
laQ3UStO-W9fkSaM2Y4eLw,191,3,italian,0
na-2_gQCY7ccS2ZkLJDumQ,723,4,italian,1
M358G7jMg0yn2nBB-v1O2Q,130,3,italian,0
Y3xDbSHXs6apMA4JLGJZ1Q,421,4,italian,1
kVrTff8uDMSBAaceBwQ7dg,522,4,italian,1
J38XGzriEkMsDfCMt6et_g,1055,4,italian,1
VF3wSCRC3mE6JpBQPQXELA,662,3.5,italian,1
wx5XkAsviabyZdQma64Fyw,655,3.5,italian,1
1uOB_tWZwvI0_HakXfu5Jg,452,4,italian,1
ip733nbgjaMMazfQ-Ibhgg,463,4,italian,1
C0BDERmHvzTKYA7fghZW-A,91,3,italian,0
ywP0OEqRC6sp4NK1-QhW-g,251,3,italian,0
ufntl2yxDlAzPJ6G73eAcQ,334,3,italian,0
trEnFaHqRkJqtjRvzx7PsQ,816,4,italian,1
pwzLpR9ys1NkE3ppjT88MQ,229,3,italian,0
dLYFNYqSw2L148bTJbwmiw,439,3.5,italian,1
cg-WHaj-g-3NHnRCOEJKpA,99,3,italian,0
ETgJqJHV7BW6pIr9Ox74sA,1981,4.5,italian,1
1qotQS-eDg6_TdBU0cQiPg,223,3,italian,0
l-oj1yA5liiFEEwoi-1ELA,81,3,italian,0
Gzwpeu4rw8T-XDYCllegxQ,240,2,italian,0
2F-7XCoPS1mbdy9ioqWuqw,29,3,italian,0
cyLw0vW5MrsF35-A6Dy03w,495,4,italian,1
u5gLdI6l6zsPxL2kOYbyfw,603,3.5,italian,1
jzEaiiRa3497HWdf4QKHIA,64,2.5,italian,0
FogLdooqSzKbmkwMGSwDiQ,602,4,italian,1
EkueKakBOazLteBREvD_qA,303,2.5,italian,0
lmuX1DybRvpt9LDMHUuKAA,162,3,italian,0
liRKlk_PlUOmSbnZr5w97A,94,3,italian,0
Njr_f1J5Pve35OyPdBljVA,417,4,italian,1
zj8Lq1T8KIC5zwFief15jg,1710,4.5,italian,1
NRcffNvufYo2Jul0h24_qw,782,3.5,italian,1
ddMGbYACeF6O-u6qFca2KQ,435,3.5,italian,1
LfRiA6RORToZUSJUHkZBVA,675,4,italian,1
sppl_-Hw-UMX5tlTd_0poA,229,3,italian,0
R15b1EaOvR3xe9xLacMJdg,613,3.5,italian,1
TQ336oZd8EJ9kj-_yVQCjw,140,3,italian,0
ZIlCi38S2pcWuHlpMxvG7w,74,3,italian,0
oexDsgqmXc9Qe3fy3uYx7g,411,3.5,italian,1
Kh0-HmlgmVUkRxR55_Vn1g,664,4,italian,1
w0YkRy2gsr0znrM7ojZtTw,717,4,italian,1
ysqgdbSrezXgVwER2kQWKA,1602,4.5,italian,1
fU22eRTnKLT2C-OFJ6eUGQ,728,4,italian,1
z5-TEI72RVwwtWG4CEggLw,158,3,italian,0
zOmgO8Di9Ui2bQHqSarUKg,1717,3.5,italian,1
h_sq1vPUFjBs2nHb62slDg,180,3,italian,0
U8Ljrx-w5otdMZNFhw5piw,443,4,italian,1
cw7K31iO2tb5drMtqZ9F8w,411,3.5,italian,1
Maks_EfVcTOe20TnGQy_MQ,655,4,italian,1
JjpCF17AxF6RPOyimw21cw,415,4,italian,1
h8KFYWKeSsBe--9GzAayNw,136,3,italian,0
NG-vmMrBZlxAZrxgoiromg,407,4,italian,1
8-Ug0Zjs5sL6MARspRJ7CA,485,3.5,italian,1
4XX-zF8h5Lvrr22_tqU6-Q,886,4,italian,1
OTpQbSQNGiGudqJKJASmpw,434,4.5,italian,1
Ry9w-jFALWYhazi6jjyIKw,410,4,italian,1
Q9F2ocrmYuGt1yn3M7MOBw,1031,4.5,italian,1
9GPRbrLHvPmLScQVw7L3KA,118,3,italian,0
nvisU3jrXgA7xL5nEt3iXA,219,3,italian,0
jMdziYLNYGDCegkFQ4lTQA,40,3,italian,0
7dhXkHB_Eg1UJ7Yf9wQCjQ,295,3,italian,0
ZD22cMZvSmfNsXS9vKizGA,1852,4.5,italian,1
bB5b8cj0yWNJvmmLiQeWGA,59,2.5,italian,0
AHVlPpOkiEl9maijGhar-Q,808,4,italian,1
xRiLLXjeM2wOvVTYJH2__A,789,4.5,italian,1
rcjomb_bm3DoJtgOJ0MW9A,15,2.5,italian,0
uy9JPyjgthV64RCJN-EyAw,125,3,italian,0
mk3UxnO9MQlJMsr_mMG9yQ,415,4,italian,1
KaBw8UEm8uZTV6YLsshYrQ,1274,3.5,italian,1
KZHeT-AgZnF6iYCVsucClg,159,2.5,italian,0
hKdvsbuQRtjajWYwjaoOQw,976,3.5,italian,1
JL_p-OHtSEYVfoeLQQgqDA,834,4,italian,1
2ggi1luerd3Mf_C82JvCYg,4229,3.5,italian,1
GCAQmtRdNhqVit5KGJ46Qg,412,4,italian,1
pV-f6jq8mqNWymbPyPNmzg,421,3.5,italian,1
iUlNDgKCLJt7F9y5fw2NYA,42,3,italian,0
txSykTj5nbwmpiVNoK_Dyg,837,4.5,italian,1
LF1QAuvpfX7KGQlg2zMg6Q,1533,4,italian,1
EJOpdpy6QPTtmC7Fn04yHw,429,3.5,italian,1
xJm9JJLooQ1Sc7ncM2-JJA,1130,4,italian,1
Pm-thVYtl3RWC0m3y_AeWg,1088,3.5,italian,1
Aazjxg21VH2cncWYBAv68Q,518,4.5,italian,1
srhEv1OqoK9W5JRdiMWDyw,1281,4,italian,1
hFeGYPt9M5dd_KXG9a_ePQ,310,3,italian,0
H5bhfR5sL0I2w1csjI1uMA,52,3,italian,0
efYELOeAJ-CjKpzayEfblg,964,4,italian,1
2FP0l2DLhhXKFB6WIRsHhg,405,3.5,italian,1
7iY35991NhQ1AShJZCNZgA,1607,4,japanese,1
klAhw3xLQi9GF1tf_HnS7w,1691,4,japanese,1
OLSSJIp8pu5UlugTF7tuHA,1152,4,japanese,1
YC-wGlO0oOkEIaCEDZv-ag,1158,4,japanese,1
wjIyCBEpCG_HRp8veiI0YQ,674,4,japanese,1
_FhKGcCbiYgtkXcCiwTAiA,644,4,japanese,1
t1w4qyqyfEdTPhoy-5t3FA,2744,4,japanese,1
HZWHBfeuP4Fb6y8b8uqnbA,1477,4,japanese,1
Ms1p17KsYteDlkvHnllC2g,727,4,japanese,1
6lUsFj0KCao678o9L7QwUw,1041,4,japanese,1
KfaG5PoTEPpbODHBta9irw,878,4,japanese,1
8iSU_z2JkjjUEjm-Ur470w,642,4,japanese,1
ytABgZNWnFXQUjOYjh460A,422,4.5,japanese,1
Brs_MJhAXe60iMnlpeqkKA,687,4,japanese,1
BPZfuPvSxCfoppU4lPFm0Q,556,4,japanese,1
TN4RnyqHMSupRFot4Q-_EA,3076,4,japanese,1
Ad3dUoLatOdNtB4LxfmmWg,1485,3.5,japanese,1
7EaiwMVaNdQibSs0yYkE5Q,1923,4,japanese,1
6qzNc9Z9DHYYleKqrW_K3g,873,4,japanese,1
9xRIcn0jTyvWNH9aBO3oAA,1396,3.5,japanese,1
auqBQYuADVdWaTO-RNBeoA,471,3.5,japanese,1
zGAQqDu0Ak2khVYs9WdQxw,1083,4.5,japanese,1
#NAME?,1072,4,japanese,1
SxKvgnkMMZdhBJcxxKQnww,988,4,japanese,1
5QgBCrAbXbM1ORiqZDrBPQ,1498,4,japanese,1
QR1YIRzFjd2bi5iBzT9zXg,965,4,japanese,1
oTkzgr7hzOAdlP99Auj3GQ,1169,4,japanese,1
ONQRhDuWv0e9R5xOiI7YAA,991,4,japanese,1
JUPxlDVMxuRSsqMcH6RCVg,1382,4.5,japanese,1
44SY464xDHbvOcjDzRbKkQ,9272,4,japanese,1
diCW3Pj1PTVRSyol_d7cZw,429,4.5,japanese,1
vAxm4dekBCfaRNoBYbx6OQ,438,4,japanese,1
DpZ7Xaub8Lhpg7VJdHaPpg,886,4,japanese,1
CqQ2Og9kf-LhlUWtODalCQ,648,4,japanese,1
m6sYBuozGY1JhnHlBf1Bzg,844,4,japanese,1
-134ZvJ4lgiqx-sjRBWQ9g,4781,4,japanese,1
mESab-FqL5QqSVsnX72asQ,529,4.5,japanese,1
NRJq2BNcbjqAyxUB_bw7gw,481,4,japanese,1
VVlHJ6_sJbRAodV5lCzBnA,569,4,japanese,1
y_ylOQzCP-9D_4DcUIJ3jA,550,4,japanese,1
itblJyiTY2h2ACidLk66oA,490,4,japanese,1
kr_Wu5m0P-AEghraNqXeTA,563,4,japanese,1
hh0ae47ojPqq3USCRLmAjg,813,4,japanese,1
8lYK0L12S3EPeJ0ZW2x9xA,401,4,japanese,1
pqebqpVTT8bR_s9iEu8dOA,656,4,japanese,1
wQU3LMmOPNzxL-ptOi_F5w,485,4,japanese,1
0ePn6TQSJQky4ueKeGQvpQ,485,4,japanese,1
GBWMJJ4_rDWqiXJ7AvHAOg,581,4,japanese,1
dtk1Cstz5MHr-B1AOM_nXA,972,4,japanese,1
00mykkev3tKCjTsKV60yOA,593,4,japanese,1
P8YbK6_2TnXHojrs0ycisg,1503,3.5,japanese,1
TBp9gdS6xEbSQqffVZ7iag,423,4.5,japanese,1
CdHOwIO6OFNXZxPYEUts2g,535,4,japanese,1
MvmuCDXPliFUYJ7B7Y02AA,981,3.5,japanese,1
qU3ejLMndurKQTkM01gutg,469,3.5,japanese,1
UB5emSFilql0J10Jx4AHXA,779,4,japanese,1
9bAyxRD6RsGEUQw424ovQA,576,4,japanese,1
bHGETjP_InKy0sIVHFgHyw,547,4,japanese,1
GlPJPpKvPR4d8dmcSEYpdA,718,4,japanese,1
hvrQQ0YWqgw0__OnofqXag,459,3.5,japanese,1
abNHO9-xlCsv31gghCUuxw,799,4,japanese,1
TeBthQZ2xpxyvXheS08ovw,432,4,japanese,1
EvAJBgBdgOt1jx1EufRN7w,621,4,japanese,1
mHBhUxHgDGjsB1LJl4qW0w,947,4,japanese,1
Fv6ueSQwc_ITpXEhybHvtA,588,3.5,japanese,1
RElijPqDOAPTHT3J4n_FEA,927,4,japanese,1
bB8dHfAEJrF5tNcHr0yJjA,1460,4,japanese,1
i9W3EVA6FjB6lWWSEmhndA,856,4,japanese,1
Ycz0lIQObftqCnJJvln2WQ,394,3,japanese,0
bJgl6cDIBIMlgrntQbxt1g,1028,4,japanese,1
01isnBO1rFO2LTOeNfYl9w,799,4,japanese,1
GpCZORguVJZGpd5GoL9Arg,607,4,japanese,1
eRtceh_W_yniAfCqJni5Bg,1293,4,japanese,1
vec8jeVbbSGzVlStl0Xp_Q,427,4,japanese,1
p7HH7fLzx_H1y2hkttYxtg,414,3.5,japanese,1
gZqwq8kE-Z3-DdZGOEjOkQ,702,3.5,japanese,1
0vSAR3Ym2fuehBvHSZyqIQ,663,3.5,japanese,1
EzuRT_4vOrvWdHqZzEFf0w,906,3.5,japanese,1
raelHbSJ_gTo701c-KyXWg,1529,4,japanese,1
ydjApPbEDF-hXbdxlus4jA,535,4,japanese,1
MM5i395oQHBP-9XtJrsO3A,228,2.5,japanese,0
ZaJS8EKQNSaQpwpmgN-vVw,508,4,japanese,1
yckkW5iFRiBOWsH3tZTr3Q,941,4,japanese,1
HfJhenvKDi-ds8SUJFwrLg,3826,3.5,japanese,1
FoR70YoGSb4_QavCe1WZEw,846,4.5,japanese,1
Cx8VCw7e918oH0qhDCmjpA,306,3,japanese,0
0Zjp3JcxwNijCBWEKd7Nyg,97,3,japanese,0
od-5v2v1HdGisEDAXotqeg,416,4,japanese,1
juoHZs-uMmqW4gQ1iISvxA,475,4,japanese,1
xrnk8mgoV7up6fauVmugpw,491,4,japanese,1
RjeW_l8OF99rn5df5-Rj4g,870,4,japanese,1
9jRwUN3z7k0seLOzWERVeg,823,4,japanese,1
wWmVAc4NnB3q0onYRM-RkA,588,4,japanese,1
QoEopgcby68Pyv1l52yiBg,636,4,japanese,1
g556-c5nqX09MCjL3SlPAg,279,3,japanese,0
h3iF9MVyPyQuLNdfKxFXHA,9,3,japanese,0
eX1l0ZlqaHbkWz5dOmPt4A,109,3,japanese,0
O9WmKufAUqDM0j2HpgLVlw,579,4,japanese,1
u641PRSq7yCSfAcell-QiA,72,3,japanese,0
Pfjb9Rn5Th7R-pLXVARwlA,941,4,japanese,1
2f0EWTvp3YDtGNKEEXKKhA,804,3.5,japanese,1
NlgC8TjNuf8sy6qg2xpqsQ,512,3.5,japanese,1
6xPlSpyxE3PLJVeRvt2BwQ,421,4,japanese,1
tT6teP3ZfCAfvdPdDoqG4A,611,4,japanese,1
xUD5j3fq3CExLfyV-GhHPA,509,3.5,japanese,1
UqR0FxuZ5VPSYL5N4bbxMw,123,3,japanese,0
4CAJ-JvgbzBdoWq1CXtCFw,462,4.5,japanese,1
6EArjn_iacj-yGVLTKWuEQ,475,4,japanese,1
ZrzSDDj54aUlPqn4MQMKeQ,615,4,japanese,1
D65eObUbArHu6UiQsUasgw,722,4,japanese,1
aZzq3M2xwbNHNSQe2AbAOA,120,3,japanese,0
WOonEFdSaK224ew1c0Oa7w,138,3,japanese,0
_lo33Y5H84CY0-TLuIwlVg,695,3.5,japanese,1
gige0Bps68Lk974vKytbGQ,337,3,japanese,0
gm-LT7qcb4t5JfDQW1pONw,31,3,japanese,0
2018M73mRQExwbzoV6ox7g,122,3,japanese,0
0FOE_TW-91b9wN661lZMyQ,468,3.5,japanese,1
Wmgy-pxHzYwbvQqJUph0Hw,211,3,japanese,0
TyLhPh5dez8JLqXOgHXUaw,65,3,japanese,0
aq0SXPyy_dpFjcfvTDRxBA,406,3.5,japanese,1
xlgGf123WHB7Q6_V4Xe12w,25,3,japanese,0
03-WCL7HaShHkS5kAk6lVg,447,3.5,japanese,1
qiw9Kgsu5YVGrQL_OeDmcQ,1252,3.5,japanese,1
FTMN9gexnMk6LdvEj8ZaRQ,441,3.5,japanese,1
aMUu0H6jsUDqdmSuAZeZsg,304,3,japanese,0
IsCVV0EmG6NXsV2RIYbZCw,143,3,japanese,0
jyIKuBWI-8d7WjW9avyWbg,583,3.5,japanese,1
wzIZDphY5SYrNfHM3DA6kg,36,2.5,japanese,0
ESxSJV3c3DMUKUc8e8E3Ng,153,3,japanese,0
8hxvfFZH4kPp35kH5DhnIw,131,3,japanese,0
qI86P6EBB0_9qC4uIT0j-Q,76,3,japanese,0
7HJrtpB0mo8tndvxOkN31w,113,3,japanese,0
#NAME?,88,3,japanese,0
LkT2-XYjuCSmObs8rOLdzA,453,4,japanese,1
JRmQRFEEnSUdAcesHun9AQ,801,3.5,japanese,1
vLaPRzOr2ChuaMCPRveaAQ,123,3,japanese,0
FUBWHzJCakmvBHv1Qk7VSg,137,3,japanese,0
7ShtxVe1ecYSjbKysm0T_A,205,3,japanese,0
x593rd-PSjGje4Uks1FKEg,787,3.5,japanese,1
6x36O0p7akyaEQxeaKFbwg,379,3,japanese,0
2txI-FAVf7q0SHNPcnjm7Q,248,3,japanese,0
tIxdV0d0FJXTcc_yruK3fw,136,3,japanese,0
I4Z8vyaZjbD2aS5xoMeF8Q,75,3,japanese,0
Edkx9frqYknN9ykTEqTVXg,100,3,japanese,0
j5nUzWJQ-gzbzPMZknHzQg,99,3,japanese,0
DhoUHO05XIEcaywBzNQrFA,68,3,japanese,0
h8vOeyK0ubtWS75B1McYxQ,156,3,japanese,0
mCorwiRo8rYJO5jGTFPzZQ,157,3,japanese,0
RRNU27hv8rhBYx-mOinwRA,607,4,japanese,1
35zXShgl22ax__nMLG7z5Q,348,3,japanese,0
DPDznXYX5DBLBASKfxQ-DQ,875,4,japanese,1
KS-DmyDoStti9ZjAWPO53A,49,3,japanese,0
v81Sb8YV_Ky2tRF6WAGLnQ,36,3,japanese,0
pPcvrJL27P4Q4oZaJ946QA,73,2,japanese,0
5lVBDTuBCV5kF1t9Yb1NTA,10,3,japanese,0
gSkAfUFw_iM2CX2FqC6TwA,443,4,japanese,1
aAse88crP7lBNMRJk-oWiA,629,3.5,japanese,1
4Eziz-iTjfj_pgxTo-StrQ,105,3,japanese,0
CnkdNQw6VsWBY9g8tb2Qag,23,3,japanese,0
5JYpVoaYkYxrByOskzHAdQ,49,2.5,japanese,0
SXi6lU3TF15BhXkTJ5cTFQ,119,3,japanese,0
gNDaXUNnl1B1NKyoMN6x5Q,244,3,japanese,0
L7ItTe3FmFV73u0jeECC1w,110,3,japanese,0
Gp3K-AFm3Ap8WG5R0nF7DQ,127,3,japanese,0
AhmnKeoGWNLdAkxw6iuF3g,318,3,japanese,0
Xk2zYFCknLOIZRv8T9z-Dw,191,3,japanese,0
FLM5Cqc_8Ht6jmrwWg0VhQ,3,1.5,japanese,0
BWkS32tuCsRi8pB2UnF8Xg,101,3,japanese,0
T7_Hl6WeWnb11T81FMjnhg,15,2.5,japanese,0
NjJJ0x2tOZXMeo6_f2w_IA,48,3,japanese,0
eZngz1akxl2qrNCbLP4hHg,12,3,japanese,0
zEIt0xaPM9DIS-pc118O6A,861,4,japanese,1
iWNbMGC_6BLccFr9Aj0Ymw,64,3,japanese,0
vvQHpQoK8bADWD8rxktKqA,179,3,japanese,0
jFhD3GansBI-NbA7Zj1Uew,221,3,japanese,0
Z6PSriYBChS0xFGl61COJw,65,2.5,japanese,0
oL7qBqrSVNjKMuCDTljKhQ,8,2,japanese,0
pS7aJrWCGRuVqflukwiFDw,13,3,japanese,0
lm9LY7UYOhVqS3V9_XRePA,130,2.5,japanese,0
Kl6plldNPzpWfajbCqsdXQ,58,3,japanese,0
wK19oQSdTF6lGKsjr9fJ-A,65,3,japanese,0
PVrZMB2ILCzhG3PPAHxxyg,76,2.5,japanese,0
#NAME?,59,2,japanese,0
lUtOTIERGZvybUi0oVGY7A,59,3,japanese,0
skgA7f9L82waKLOQOriSSw,4,2.5,japanese,0
MRBq3He22yi4ol01SdVlRA,44,2.5,japanese,0
8_36jHn9tVJ4V7aBMhhLJw,246,3,japanese,0
b7Eg41LKjL2BtOXEqVCoeQ,806,4,japanese,1
hm5UE-80ntSFrSyU53iU2Q,5,1.5,japanese,0
yOW3kGkOUHvWhh2vRn8sfQ,30,3,japanese,0
V8l3xdkEQESeBz-pZ0zqCA,199,2.5,japanese,0
hRjSYLEszj_fyFhU9FVJCQ,72,2.5,japanese,0
fnbiG8tnfxnVtou426y6GQ,64,3,japanese,0
z-QCeERogFu_oIjCfxRW4Q,43,3,japanese,0
6UbOi5oDDQUJAI9V2pv11w,63,2.5,japanese,0
J6YCQvybP8aJlHiy00Y6dw,2,1,japanese,0
WZwsWjcFILSyx7ii-Nrl8A,49,3,japanese,0
IdnkN6m6QERMcPv7_gd6dg,1,2,japanese,0
Xv_mKY4T3aQgfrkiCyh1Wg,13,1.5,japanese,0
CK-SCG1A80dyLbjBNhCXNA,31,3,japanese,0
WS_BBqvau4RanE9lqi_6wA,48,3,japanese,0
KnvGnK2-wm2RHjKTIPch8w,133,2.5,japanese,0
-8IxLBoKZj_ZdBUxXgS3UQ,594,3.5,japanese,1
f1lSLfhuOW4IIt78gVGovQ,69,3,japanese,0
fnkwdHzOecZ_RLDTjJiHUw,32,3,japanese,0
jHn3mUjbe9caYZNe1z9YUw,121,3,japanese,0
wFl5KunHTmEXCvqI0YNrIA,17,3,japanese,0
h4kSprW0LhnrUox8s3PasA,67,3,japanese,0
QJYh4l3haPQ4YVmKhWp0Tw,28,3,japanese,0
dmAQ6J40AR-v08MxpvQT0Q,7,2.5,japanese,0
P6TijqkiMNbgUXnb1NLcqw,2,1,japanese,0
S0DeoPGMtOTmLl2y-pyzvQ,4,2.5,japanese,0
V-SjXcEKRpUaN_1-3G0V3Q,294,3,japanese,0
L_LDa1yW6qcUQJ6IsXqNNw,115,2.5,japanese,0
_czorMkcaoS73IkZyAo5zA,3,2.5,japanese,0
CCdr4HW5FmaRL6GzCa01BQ,5,3,japanese,0
T5N0NSny-Xxi6BP-ejxL2A,19,2,japanese,0
ELCnBV5Ie3VnY2q3842Rbg,94,2.5,japanese,0
DB3CWuk6bQuulJx69ZSz0w,25,2.5,japanese,0
zP0-toOSIjp7RvxQF2bxTg,22,3,japanese,0
BzDeQSF3M29tgzdVK5KrQg,44,2.5,japanese,0
7DXqb9A2wrlZSn1bZXmhyA,85,2.5,japanese,0
MpQfgom8BltdTLZi7FHP-Q,29,2.5,japanese,0
H20RCBmxdkf2kNjftedPyg,26,3,japanese,0
9rSBlX-8OuAQblXHiekViA,34,3,japanese,0
NjNTbqiiSmGknApAoo09Mg,42,3,japanese,0
9MBNbh-0QtzA8UcBCjaNcg,184,3,japanese,0
9l5JbUxv81r17XwpEMkSdQ,94,2.5,japanese,0
seHikoOXTEtzZBA_ldK1_g,27,2.5,japanese,0
czZG3xck5tqbBZEURVMkjw,120,3,japanese,0
3sQPGzWl0PMi2ULZ4DbEAg,188,3,japanese,0
Yem2ErFfNgiD-63aM_yt4Q,1,1,japanese,0
qJ66pLOdzT8Y3iuVCHkGRw,126,3,japanese,0
kQWAx-Otx-sw6eakRSAGow,37,2.5,japanese,0
_VWpp7qBwJTAEwc4U2QX8Q,135,3,japanese,0
PD0O_q0RXvEkgC6-07ffpQ,83,2.5,japanese,0
QJCzZzfHBd1rSZ3n2j-xgg,22,3,japanese,0
iF8QKcWowtdfeOxJngZ_PA,47,3,japanese,0
b5RhctSPMRGyKYn-B1zgkw,5,3,japanese,0
FiRB9Ek3Xo9JHwXgBYITYg,1454,4.5,french,1
csVEpHy5KJoFvM1qp5XwLQ,818,4,french,1
KgpOYAG-r_eDsQXFXt0nnQ,2619,4,french,1
kmcgUxWhwlbmC-FAMTEF2g,1006,4,french,1
dMhRafXdr765DHe0k-QfaQ,2646,4,french,1
1z5Nu66M6W8mk5Ap4osZwA,1294,4,french,1
TGP5gbAgml0IDRLGCpFnCw,652,4,french,1
1DfbZ0VsSCg9g1KILmnvzQ,1378,4.5,french,1
NMVRHrkdp68twl4CWo1I5A,739,4,french,1
hD55NUiGDK7STQ8oy9QDPA,389,3,french,0
nBkSqOhZMa1A7Yk3q8VPaA,510,4,french,1
zFJsX-rx3bLEHNSb7c7DHQ,1133,4.5,french,1
9vYSRXdp5JtFmqhi0FigMA,663,3.5,french,1
t-ODuKsmRseJoTEVKQzsdg,757,4.5,french,1
ZxfXy-odIz_Xi1i9Uu00pg,637,3.5,french,1
nlmFAz_93gjSUfmvmv8Tog,555,4,french,1
N66LlG3W6Tw5LhUtAE7h1w,485,3.5,french,1
2VpurA2lb-q90nmALklNcA,854,4,french,1
veq1Bl1DW3UWMekZJUsG1Q,2461,4.5,french,1
TQEajJ-kahYPOToGZIyyaA,583,4,french,1
0Q13lJ3OHXOuBVpN6jeTjw,893,4,french,1
5m-TrbqMNnwJvOd7pAt6OA,885,4,french,1
2mzyXxnstSPcpDS3u5g_7w,660,4,french,1
PYcL2z9gHj6-ZTlViT9Nqw,1944,4,french,1
844H9r0tRQZmxiEtjeTW0A,435,4,french,1
RqCMsa0IuHWhML0BEjW8_w,616,4,french,1
50fWXrNECQQYght4ZWeBXQ,542,4.5,french,1
#NAME?,175,2.5,french,0
SUbNA5z-LokTPQj5cdds8Q,515,3.5,french,1
HTZ9GOR_Cylt6bxG55co7Q,175,2.5,french,0
Knbn0h4MA1KX5Fv3eZfK4w,645,3.5,french,1
DRitJoNGTkHXZvH_YpLIAw,819,4,french,1
49ST--X1jcIPzUIM1O3K6w,505,4,french,1
UBCNhz-TSvBP3zo5PjFWrQ,775,4,french,1
aixlpNVteSFpBS9o_HUsNQ,210,3,french,0
OqNmzS2N2I750zYgUC6IgA,681,4,french,1
emTmnLlesIwxRofQ34ntdA,721,3.5,french,1
JbpjgLAk4DaP0zvY7dP9Hw,451,3.5,french,1
1Ed-tb_0dBGrXfsYyehmvg,2204,4,french,1
gISZs8okQgFIpd-yz9aC4w,610,4,french,1
E6Y4ICdoqtYkFilRLfrOHA,534,4,french,1
ULt3kmA0_hbZ3j6cMORCaA,1302,4,french,1
zMsmQ6WLgQAjVZyVbirO1A,679,4,french,1
H-6xYovzB8AKZb14bmYnWg,253,3,french,0
fxGpXRxFUDzlU3Cyszu4uQ,2410,3.5,french,1
Ps0cOZevNA1M9M5_z7W3oQ,595,4,french,1
g6R8iwi__IDy8plQy0v9WQ,674,4,french,1
4Objcs7HXSGuzpb0SOa-Jw,867,4.5,french,1
U7-IRgjOPyQz7VlGer-crQ,429,4,french,1
f7apP8A_0_KqcGQTK4V2TQ,655,4,french,1
XoDR_T-ZKYJtZgCocEDcyA,770,4,french,1
A6SR9hesSJn96ps99GsZow,544,4,french,1
kMljfja7weqfl_lzspjzHA,653,4,french,1
xt4sa64WOrpJvZBDPNPNYg,2928,4,french,1
nU4XBdvxDABXqZ6CnB8Dig,4070,4,french,1
Phi_yESeDQJduuMDdwX4ZA,413,4,french,1
g3jNtkQZVZrrC823oBxdtg,756,3.5,french,1
5nODUmSo5UeIzBg7tX-QnQ,624,4,french,1
u-MUL83NUy2gsbV80WZnAA,629,4,french,1
qLLxS7RwNEjP_jq_KQrPfA,1731,4.5,french,1
_LJFf9YqpYxvExTvVxb7Rw,805,4.5,french,1
3qf3FLXxVdX3Wz5F_rTeog,524,3.5,french,1
QUNchfxuTOOmjAXkHivYdQ,265,3,french,0
B_HFzZkFsZgmzcea6R4exw,1267,3.5,french,1
mv8dMMzzrzalso3sYCP_QA,1189,4,french,1
63nYipWuA42RZmESBMUNkQ,528,4,french,1
Ih7hLJl-UiGSrBEI3A12gA,89,3,french,0
6ujYWjs1FTksvuVxuzjUYA,899,3.5,french,1
1raNn0l3I4H9PcAJce69Sw,510,4,french,1
C2o3Iw-DXjoUJFgQIbiqkQ,634,4,french,1
PYw4gLZfLcmnmtxmepW9Gw,486,4,french,1
S5aiRMdfmptZiRWdJ4mhYQ,456,3.5,french,1
iQB37FNqD_G5_QMrp9ovnw,469,4,french,1
XK8DnTYgZGoZKuihH4_cpg,547,4,french,1
cpfBJVV-5Jo5w2KcbOBtVQ,412,3.5,french,1
Z-hDHjP4Eza6BA4G97tzVA,543,4,french,1
A_YpTLbAlEqeLVSs9bxbEA,2200,4.5,french,1
7xV4gzrgaOgQYtPC3FBZig,1010,4.5,french,1
pfmAcS-g6SiNG0KlLvrqnA,2813,4,french,1
XsElXaLxUPKquI78poB8yw,442,4,french,1
S3Fw7s_GA94lJLbLFrqZrw,1274,4,french,1
XEugUtbw4rRmGr9S1XA-aQ,1681,4,french,1
H9GD7km7riFooM0FkdwOPg,2274,4,french,1
#NAME?,640,4,french,1
uBhLATTsbHYzR5kwjQIvwQ,986,3.5,french,1
cCesIqo-LQt0cRlZAnrAZQ,1678,4,french,1
0087AC_NnFRtC0c9FsB9pw,482,4,french,1
7B2XMvV5uGuKyl19-HTSvg,856,4,french,1
XzUW9MvEGOFs9_aNj11j2Q,2628,4,french,1
U5hCNNyJmb7f3dmC1HTzSQ,3400,4,french,1
zV5u8sr2u9x_oxq7BNuKKw,230,3,french,0
4LV-7hGnfimAhoAuYhgvEg,971,3.5,french,1
xkvv0n7jbl4Ra3Vm_jfxaA,733,4,french,1
TmEPtynTP1qoTqwUbGKyGw,1172,3.5,french,1
L3L6xDdrS8c67BLZROg79A,1148,3.5,french,1
jcy37otq2CtDbW0ViGTGfw,539,4,french,1
CVxz9B5ncpMwVK1bk_c1YA,2102,4,french,1
#NAME?,944,4,french,1
7fSrrMD75A210TJg8oq-6Q,649,4,french,1
Rgm8BwcoqfIVSl2QSEOhbQ,900,4,french,1
WS0ipFMNDJDy_MOylP-JGw,327,3,french,0
6vEOMyq9Zb7QVqBecvgY_A,496,4,french,1
MctQwL9Mp5X7DJk13VoERg,989,4,french,1
xRN2KI4E91DodS1QmzqGnw,1316,3.5,french,1
lSQAmoQtmciUld36ogOoOw,844,4,french,1
1SaKutXcH38X0KvayyDHUA,1044,3.5,french,1
tsiC3VpO-hZEb98Qk3p-DQ,2136,4,french,1
UKy0nNjMkOBEU3dOCH831w,1347,4,french,1
ExvoimQ4LzY3UWtZ6m6Lgw,624,4,french,1
Wbmqg0TkOVkzNh3HrJ9DIQ,588,4,french,1
5hUV9RDTi-DvjU_OpIit7g,553,3.5,french,1
gXnC_aZR09BvqEQKGKFjBg,1555,4,french,1
qY1o1MhoRyN84RRhUJtvpQ,801,4,french,1
7NqFIuXuRwm6WuuseLxAVw,844,3.5,french,1
tD1pDzU-x8gGodC4nGnY9g,1494,3.5,french,1
4yPqqJDJOQX69gC66YUDkA,4591,4,french,1
_4Grm99JEHnDWskCHAJfUg,414,4.5,french,1
Kbk_759zwP0Rk3SAXdrWHg,1091,3.5,french,1
5S8ZK9XLdl4l645twbNYZQ,524,4,french,1
ayOj0JXAsuGqVG8reuqpxQ,707,4,french,1
m-bEhZKBos1VZabVTg5CKg,521,3.5,french,1
DiHm4iIAQhqMKfjsrBPvZw,1012,4,french,1
00jHmlu0elBhzBsw7Y5pww,588,4,french,1
ki9q3O-qk1YE-e2Uw1b5tA,674,3.5,french,1
gVQ9J1NrmZDCe15IVP7O-Q,777,3.5,french,1
m2Zsy2UAkcDf0cRzk2Yoqw,432,4,french,1
aP3Z0DXzwzM8lZWg3YX9KQ,418,4,french,1
7zjeUx9aWRGpJmiOuk45zw,834,4,french,1
oOsJn3leUnWDfErRWMf81g,1722,4,french,1
6jsGtz0vwEGZ44urQKQkeQ,657,4,french,1
v0DwpyNrKeS2ZhfMjVu8lg,844,4,french,1
tYRWu_EDQGsIyhSaaYi7VQ,775,3.5,french,1
7Qvh0oFRsoqrO9qNlcMKXQ,2023,4,french,1
8Si3qLOfN70ixYPhoDYr3w,432,4,french,1
Z65cd3Z7JvwK8TnSVg-cfA,667,4,french,1
OwV-MtDBC2H08rVcBqP2mA,2018,4,french,1
eIPiRkf6KCo9A9Ok-Nr_ow,1384,3.5,french,1
ZhbHXqkEYNKLAbamW5peJQ,420,4,french,1
8fn5gUBncPJifhsEKmAejQ,501,3.5,french,1
BNsKXLDL0pM_IaAR_LR7bw,608,4,french,1
N9OihQ22xLyfeDRSZoDCVQ,1017,3.5,french,1
1_S2RxVWOidWcgbU2tBQBQ,1309,4,french,1
WFOaud0jlpXQ9aEecipUqg,640,4,french,1
al9HKZ3kCJipAJW4uxzj4A,1561,3.5,french,1
j_ZW3vvpjLDG34nBq5f-UA,445,4,french,1
7y7E2wavr-HBwEmq2snMLw,676,4,french,1
xyBTcpnkIxV2h0AKU0pP0Q,749,3.5,french,1
fc8op9vARoRwfTSXzs4ShQ,521,4,french,1
Me4TxTbPPQZQopW1wOGx5g,1489,4,french,1
OrxI6slr5EM46gE3BHfTug,575,4,french,1
l9b8NbDyhKhnjLKtUwlPwQ,737,4,french,1
QpkKEFHK5dz8XT-osEXgJw,933,4,french,1
RSGqAGFmgfoVssOBfkldXA,526,3.5,french,1
zekbMn7KWtzxTFLtfEqb1w,683,4.5,french,1
fVbUVAiLiGgLA_nxBFxyww,820,4.5,french,1
mhr7JHHBlptUxU7pjif5lA,584,4,french,1
8QnDeEDw4PUTxjsfflrrwg,786,4,french,1
VnjcxOUuZAeJMiDIU-7hUQ,1165,4,french,1
fVsH6QIJPzXpVbgmeiolsA,466,4.5,french,1
W4hobe10Fy54MKqmLaObEg,1675,4,french,1
_DcfYjnGffQI3iP1Be0kdA,1758,4.5,french,1
UG7pKdu-NaF-GhzRx3dVkQ,499,4,french,1
zOTRYxeyHl1vRMyDkzGqog,86,3,french,0
hk3ohp_A4L4UgWTexDxf_Q,745,4,french,1
HxC2ZN010NxAFwjTqUVpzw,2783,4,french,1
3LRZQolTdyps07RSoaIXpA,1305,3.5,french,1
nF-EOBd_H1fX50iT1EIVZA,464,4,french,1
#NAME?,1499,3.5,french,1
vdmLsd-_-EQ7W6TnvfYdAQ,269,3,french,0
Jhx4OoFjXFp0YxqbW0KQog,731,3.5,french,1
zGtR4FNGDD1EjdxIzKF-HA,643,4,french,1
tGsfb07uPQk6QloAB-XC2w,1061,3.5,french,1
bYolHbAgMb-zOHpa41Lp0Q,436,3.5,french,1
NvNO7sB4__gUBl8ebSMz8g,24,3,french,0
YigI9naNis2hvBtlkXLTvQ,513,4,french,1
2l6f0IXKZkxyq0L4EaoaFQ,905,3.5,french,1
8PhwiTru5teSaZ8C6hrIww,1102,3.5,french,1
yiyc5wbgSCe13I7hj_jb-A,457,4,french,1
NNCpFCnTwMgKhA10lK_DzQ,36,3,french,0
8pHKqPb1VjaYVk8JaGyNxg,116,3,greek,0
E-kZoAb-pt2yBD5ij9gOxA,130,3,greek,0
7Xx775uJdWDSXlzbsdV54w,284,3,greek,0
CO90_8nlxQx10ATsM3b9AQ,93,3,greek,0
AhhtjILtsTh8FzqlO1tECQ,187,3,greek,0
rdhthpOOv9ApynrgQTnvqQ,129,2.5,greek,0
Z4OF9kKSikiYZCx62_aq8A,143,3,greek,0
BjXI7lKJbdjPyg73uTpAsg,67,3,greek,0
pSd2KO8MyEXtR6fAkUmbTg,1,2,greek,0
aGzGqDMdR8NbWSzE0Oqm_w,17,3,greek,0
l9dCKe-0EO1XQFkuFi8YRQ,99,3,greek,0
J_a6hUWIqEZJKm0_Lcl0TQ,42,3,greek,0
GzLvItrtwlPpkH0HPEC_5w,151,3,greek,0
c-6MxXXI9xhDcCzLp2tfEw,10,3,greek,0
KwPwhRfnoVZwu7ztfzPSPA,306,3,greek,0
v8vcg5bJPnz-OVEYHW6foA,211,3,greek,0
1PV-jVEQhaSMFsmdsNJzng,2,2.5,greek,0
HuJ8U03oEWbE_sbAUQLM1w,21,2.5,greek,0
aiIhXRH_gPrKeYZtZEawqA,20,3,greek,0
SQba0_SKF7wypTBAUyrrgA,47,3,greek,0
yzns786Ro92mmBfzvKCGSw,170,3,greek,0
s_xH8_2eCrn9yWj0IYcO3A,63,2,greek,0
lqjKYaDl_At7dozF854IMQ,31,3,greek,0
nsuRsAa7LgOm61bjoCYzeQ,1,1,greek,0
uuix2xNPXt4nX1w4ZCxMcA,181,3,greek,0
wbKH7uPe5CNQRvkboFka-w,289,2.5,greek,0
DYnNim5cKOtWnBlJCkF_BQ,12,2,greek,0
7A_T13vG-4mYku0yyQ1jkQ,99,2,greek,0
Ow3wMG4xgWwCia7ugRtUPQ,2,1.5,greek,0
XtSPNWY6L70I6p9l8vnwWg,326,3,greek,0
eSjLT_dw-h9hSTEgiRRiIw,11,2,greek,0
iMlCfute7BKB0vuXLlupYA,198,3,cajun,0
yYlOoWnI0SgkmaVdXIfACg,228,3,cajun,0
4GYc1Ld8r4rGQJKz_Qp07A,369,3,cajun,0
LtemVtcjo9-jId1mte2P-g,357,3,cajun,0
3cPE2B0xt0U7GdOZn9luLw,111,3,cajun,0
gytFjzBw-z5LZD-6JSMChg,393,2,cajun,0
Q0B2qbc-jJWOP7GQe4XwAg,226,3,cajun,0
cGvQz6bv9JeRRJw7zJ1Www,326,3,cajun,0
f3rEkgY9hVVceifr3th5KA,9,2.5,cajun,0
4j_4tNy7pzYsEkvGTyRCzA,132,3,cajun,0
abCdjgGqK1jVYtzsDYQBqQ,153,3,cajun,0
t70kpyeKyhWJ9YDWj_h5YA,128,3,cajun,0
RDSBDb9U7UfHCEg0mnmEGQ,382,2.5,cajun,0
FpRcx4WDN3CM1BtUZmh9DA,187,3,cajun,0
GD2XL5tNrTcTevtUnUvIpA,164,3,cajun,0
Q_q8QmgHGk83ja2JCvHAQg,203,1.5,cajun,0
kGrMEgi1Th7Fr4B4n_T8JQ,249,3,cajun,0
zVs1YR-iQCdo8uESHqDtFg,162,3,cajun,0
JZbCjI4ITWais6-Rkz_AhQ,307,2.5,cajun,0
qjzkDnjT2sIa_8-uYaMYoA,346,3,cajun,0
idrW7tjzKCsEudlxAmJmhw,316,3,cajun,0
w5bAG1wBfEi2gQ2aKoXjtQ,119,3,cajun,0
1S2NWFTC2e4bjXoI7MSelQ,31,3,cajun,0
4qnc9S9ZTShMMxFtypbRpQ,134,3,cajun,0
gDIxUaEpdwrU8_5MqvmP2Q,113,3,cajun,0
o3l8CcisNgu10SQB-rRATw,175,3,cajun,0
Be9m7_ZUFm12XxenLe6itg,160,3,cajun,0
FpFa7ev55vcg5vwej6o-8A,303,2.5,cajun,0
-2SCNyjI_qdYUZAJMSYUjA,191,1.5,cajun,0
kDyzW3UHUI8FfLPqHjI6pg,229,3,cajun,0
M2Il21Oh3xbHQG09j8HXGw,365,3,cajun,0
ZGVaVZS4foIXWkFt32-v1g,287,3,cajun,0
jPQWT232CbxOLU3yCpzdqw,146,3,cajun,0
Ifulg3w2jAW_VbgURpmr5g,103,3,cajun,0
EE-HFgHfb-B3QdNFKhkUnA,214,3,cajun,0
H9Kfi-VOagc61rFWrYACbw,325,3,cajun,0
froxnvO6lVnzrTBS4p_W_g,103,3,cajun,0
1gTFlS3hMmZTdp-GDsX3_A,197,1.5,cajun,0
xnRgRjOyLjwkWJeajg6CHg,143,3,cajun,0
0xk8TyGZrKMDbEwg1KbjGw,140,3,cajun,0
mQ404ID8jNlnCfiMvQIZ8Q,93,3,cajun,0
yxsIwFMq5beQBRJD3yyKPw,108,3,cajun,0
8l4l9r4-K5TYq_i0mP69bg,201,3,cajun,0
P27RnyFb_IZ2n77W6wAeGw,11,3,cajun,0
aCVA5N6k3c73WXBoACBUtw,88,2.5,cajun,0
M8BOL6UsdzZsPqGWeskpvQ,200,2,cajun,0
NdJV5jW2fkInUoSsVS_HLA,58,3,cajun,0
T_UIqgdk308CEL1GMBtOPA,131,3,cajun,0
AKIExQME6c1sG6hdt8DvNA,197,3,cajun,0
vk3ilGNArYA1r5nroLyJCA,180,3,cajun,0
gib0tno_oa2ehuC8n3prqw,50,3,cajun,0
wk9-Uy1G8FG33mDOwigyqA,126,1.5,cajun,0
AD6tg2FySuuJ6LYnsceElg,32,2.5,cajun,0
Wz3xjBH_tolKyPisj-j5Rg,216,2.5,cajun,0
o1SsE8qIzHUTuSaLQ6gS8g,4,3,cajun,0
ukLDE34_sjIIIdwFT426Zg,145,3,cajun,0
s3URwl0iz2dUjCdxRJb2wg,214,3,cajun,0
t_IXO90SSJz4pt5GLD2lTA,294,3,cajun,0
V7xp6S7hqPGAQWuBdLTLYA,163,2.5,cajun,0
nYJzYoiENZdZW57a75H_Ww,156,3,cajun,0
AyxwaZmbDYCpeL3-ddTWoQ,80,3,cajun,0
qzc7OyJq9QOb2xaBi-WODg,97,3,cajun,0
QkILsb4hQkveWTyHy8y2Gg,77,3,cajun,0
OtHJp8-Nw1rtoKdzkoVPxQ,79,3,cajun,0
c3yoz4TV_JHF6Gq1j64_uw,26,3,cajun,0
JVEvXKOrTnyjZvDam3g7dg,162,2,cajun,0
jN11Qa3KAI3WUR5SEbHEgQ,149,3,cajun,0
rEPus52W0HwS2WA_i9RvPQ,151,2,cajun,0
pgG93B4DZX2OCaFH4kIMzg,12,3,cajun,0
n7EGHxSHM-Tdjp_x2iFS7g,280,3,cajun,0
CKQmnahGJhVQAbNwNmdP2g,135,2.5,cajun,0
a_OuuvrJDVUZ3f82ULgPsA,214,3,cajun,0
Km_hSBftgdYcGL1TzZnwlQ,327,3,cajun,0
ps-q9Vb04jiKktYKfSQKcg,252,3,cajun,0
vHzWvZYbkoHY_071J-lPRw,284,3,cajun,0
cYUWndOZZPKVbq4gzhNPmQ,42,2,cajun,0
fi7n-aTMDPd4NA2JAcjadA,112,3,cajun,0
o26zm7tZ6z-UA1H9dmOXJA,213,2.5,cajun,0
PQcBI4ko_qUeR69kGWJ0eA,141,3,cajun,0
L6M-FgVm0-_HNKLCsnwIeg,131,3,cajun,0
tmNlOPsJHtvtxFWMjfYY9A,163,2.5,cajun,0
mzuH_l94kFbjleoVpJvwZA,107,3,cajun,0
T9zHnqrTWa2_bZLCF9MZSw,98,2.5,cajun,0
EQ1j7a9kj2uZx7dn9P827Q,43,3,cajun,0
w90E5FLWPedqh1NOFOuXbw,233,3,cajun,0
eNHQd5_gARyTsbcubTXBjw,393,3,cajun,0
DYzpeSntTyL7ARvX3vSp6A,162,2.5,cajun,0
3Mu-0edMf7UsGxcehRzsug,149,2,cajun,0
hxP4xUxB33oJXiB1dmPhLg,155,3,cajun,0
0KrOkhh3VjlnQSVROQM_Xg,225,2.5,cajun,0
w8ib1lWe3SvhxO50dIPIyQ,161,3,cajun,0
Facw6GpHJEBoufCJmjfbgA,110,2,cajun,0
z_tUJcOWFG6M3P7mfG4Tig,338,2.5,cajun,0
xEYTokDszdIUJYbwJo9_hQ,138,3,cajun,0
pycuwaHTaEKqZl0rF2NtKg,19,2.5,cajun,0
Bicb4oF4M8SSpmUql_9URQ,108,3,cajun,0
NnuOn_z0OjdE72VZ7uCaVA,57,3,cajun,0
BmcpuUZ5DnpkxD6eztflKg,22,2,cajun,0
tL4WyY9fjpY16-4g1asAXQ,14,2.5,cajun,0
s6aNhAU-q3iV1lf8nGL70Q,189,2.5,cajun,0
vFpJskNrmaZFvdwi8CjJ1g,20,3,cajun,0
IIvXlBTC9-Yy3k7H4t88IQ,174,3,cajun,0
fnfSx8MI_GoNxzOueN64UA,99,3,cajun,0
QNBCTH_a7LuGaL2Kq547pA,181,3,cajun,0
cq-HWNFt-R4PpNUfI1JtlA,48,3,cajun,0
3HLKGLhtPlr7uD-JScTq_Q,51,2.5,cajun,0
zzaVbMFc9VH6EbSHJqfbCg,375,3,cajun,0
XzMlAo_fhJkyeXRbp5fKnA,165,3,cajun,0
spl02EfkMXdMFnUXV3Wy0g,46,2.5,cajun,0
VCx3dEx8sP0EB8Ggi0yMTQ,39,3,cajun,0
M9djaDnuGGp6Xv1cH16tGg,58,3,cajun,0
NAns6YjRQlqg8a5XSqDF7g,27,2,cajun,0
VUozVuTQ4Qq4Uo9lb4EIJg,119,3,cajun,0
eVmkOQLSME1GU6Nx_HTGBw,116,2.5,cajun,0
fuUWO76l1oo-t7QFR1OLWA,233,3,cajun,0
Asi-_-GTsHUj1AztgQqodA,300,2.5,cajun,0
3DtpW9xL5N3ZNoLZtSftiw,187,3,cajun,0
8QVodl0JGDNyJmtBa8hChA,98,3,cajun,0
O4fJTI3e11PsKwIOYGZkag,178,3,cajun,0
36IP-lEkASIGcXrp2Fa2Pg,12,3,cajun,0
ogKW1k0UknvchuNsw7_5Hg,165,3,cajun,0
2AZdpFlCCNyxmL-d58ZRsA,110,3,cajun,0
bbgXa4v_eM3SPHJhxIIogw,18,3,cajun,0
zm_ngfMxyU6d85AaTIgI7Q,108,2.5,cajun,0
iDVj_rl8jK5DYvEMfIT4Mw,65,3,cajun,0
yx-SnlWviA2xkf2Qit5eNQ,120,2.5,cajun,0
hB634W8-6RA3zSbyafpXBw,170,3,cajun,0
N5xMhepvfbXDS6DL1c55Kw,122,3,cajun,0
jhFqstTMRBAdBHgoQ1nSTA,60,2.5,cajun,0
HriMcJVv9zHbZzyJP05c6w,96,2.5,cajun,0
Ag66rfFMa7lZsOdYvrdB-g,27,2.5,cajun,0
amhA3CxoQSQwJrEj_9zgCA,285,3,cajun,0
YRSNkSZkJphxeFrKeuzXyg,19,2.5,cajun,0
RsLs863308rBCJqwuGfNeA,143,3,cajun,0
mbXksQIk8AVWD-sw6apIig,140,2,cajun,0
pehKHPaU7Zgqf5SQ0MZmLA,169,3,cajun,0
H_ZhFvpCMQWjHbFViMetqg,13,3,cajun,0
aKWBuDgJfxmwkAJ-e3LhlQ,76,2.5,cajun,0
1lwldxdV-YgxYx7Jo0MFzg,108,3,cajun,0
r5DKG_JnbUyWNqRDEhkE9Q,36,3,cajun,0
7cISftD8dqwvCk0ZbuSXSA,144,3,cajun,0
7Smn3wAuZ0ZcS5eGiGi6RA,85,2.5,cajun,0
CURAzJJENZQ-QzBkv-HERg,58,2,cajun,0
h7tlu-BA8XyHQI-7mO0New,346,3,cajun,0
opCMbGK-fvGPRSBibPzu3w,189,3,cajun,0
Fh-IyDgmxoBEgPfN-YPtuQ,63,3,cajun,0
HPZ1K623Ve_yR6DLY4UbQA,322,2.5,cajun,0
AjhhJlrm_o9YROP6a6NtCQ,131,2.5,cajun,0
k9M4bq-6GUCF9OHif86S1Q,94,3,cajun,0
SNLHzjmVPgTYjhfcWY5Qxg,11,2.5,cajun,0
grGRfYOB3wMEIS9F8VMWpA,124,3,cajun,0